-- phpMyAdmin SQL Dump
-- version 4.1.12
-- http://www.phpmyadmin.net
--
-- Servidor: localhost
-- Tiempo de generación: 28-06-2016 a las 20:50:14
-- Versión del servidor: 5.5.36
-- Versión de PHP: 5.4.27

SET SQL_MODE = "NO_AUTO_VALUE_ON_ZERO";
SET time_zone = "+00:00";


/*!40101 SET @OLD_CHARACTER_SET_CLIENT=@@CHARACTER_SET_CLIENT */;
/*!40101 SET @OLD_CHARACTER_SET_RESULTS=@@CHARACTER_SET_RESULTS */;
/*!40101 SET @OLD_COLLATION_CONNECTION=@@COLLATION_CONNECTION */;
/*!40101 SET NAMES utf8 */;

--
-- Base de datos: `viveros`
--

-- --------------------------------------------------------

--
-- Estructura de tabla para la tabla `clientes`
--

CREATE TABLE IF NOT EXISTS `clientes` (
  `Id_cliente` int(11) NOT NULL AUTO_INCREMENT,
  `Id_tipocliente` int(11) NOT NULL,
  `Id_estatus` int(11) NOT NULL,
  `Nombre` varchar(60) COLLATE latin1_spanish_ci NOT NULL,
  `RFC` varchar(13) COLLATE latin1_spanish_ci NOT NULL,
  `Telefono1` varchar(15) COLLATE latin1_spanish_ci NOT NULL,
  `Telefono2` varchar(15) COLLATE latin1_spanish_ci NOT NULL,
  `Fax` varchar(15) COLLATE latin1_spanish_ci NOT NULL,
  `Correo` varchar(50) COLLATE latin1_spanish_ci NOT NULL,
  `Web` varchar(50) COLLATE latin1_spanish_ci NOT NULL,
  `ContactoPri` varchar(50) COLLATE latin1_spanish_ci DEFAULT NULL,
  PRIMARY KEY (`Id_cliente`)
) ENGINE=InnoDB  DEFAULT CHARSET=latin1 COLLATE=latin1_spanish_ci AUTO_INCREMENT=10362 ;

--
-- Volcado de datos para la tabla `clientes`
--

INSERT INTO `clientes` (`Id_cliente`, `Id_tipocliente`, `Id_estatus`, `Nombre`, `RFC`, `Telefono1`, `Telefono2`, `Fax`, `Correo`, `Web`, `ContactoPri`) VALUES
(10000, 10, 10, 'PELICULAS UTILES, S.A. DE C.V.', 'PUT9612194Q5', '54-26-05-36', '54-43-37-99', '', '', '', NULL),
(10001, 10, 10, 'LITOGRAFICA PUAN, S.A. DE  C.V.', 'LPU990623D56', '56-01-33-71', '56-97-16-67', '', '', '', NULL),
(10002, 10, 10, 'EXEL SERVI  GRAFICA S.A. DE C.V.', 'ESG830531N6A', '30-04-95-26', '50-89-10-00', '', '', '', NULL),
(10003, 10, 10, 'EDELMANN PACKAGING MEXICO  S.A. DE C.V.', 'EPM040318J5A', '55-82-25-11', '', '', '', '', NULL),
(10004, 12, 10, 'KRISHKA, S.A. DE C.V.', 'KRI100129BP9', '56-91-80-62', '', '', '', '', NULL),
(10005, 10, 10, 'PLATIMPRESS SA DE CV', 'PLA0808268W4', '80-00-33-30', '', '', '', '', NULL),
(10006, 11, 10, 'KOMMUNIKA SOLUCIONES GRAFICAS, S.A. DE C.V.', 'KSG040512BJ7', '85-96-42-85', '85-96-42-45', '', '', '', NULL),
(10007, 10, 10, 'GRUPO BRILLIANT DE MEXICO S.A. DE C.V.', 'GBM0307166P9', '85-02-77-88', '85-02-62-40', '', '', '', NULL),
(10008, 11, 10, 'ANDRES TAPIA SOSA', 'TASA6601068V6', '', '', '', '', '', NULL),
(10009, 10, 10, 'LAMINACIONES Y EMPAQUES SA DE CV', 'LEM850906G75', '56-42-06-82', '', '', '', '', NULL),
(10010, 10, 10, 'G&C PRINTING SOLUTIONS, SA DE CV', 'GAC040310FG1', '55-69-39-69', '57-55-94-66', '', '', '', NULL),
(10011, 10, 10, 'POLIDEX SA DE CV', 'POL8909295R2', '53-58-67-74', '', '', '', '', NULL),
(10012, 10, 10, 'CORPORACION IMPRESORA, SA DE CV', 'CIM820422E30', '53-66-51-00', '63-8148-55', '', '', '', NULL),
(10013, 11, 10, 'KEYSON DE MEXICO SA DE CV', 'KME930315BL5', '80-00-33-30', '', '', '', '', NULL),
(10014, 10, 10, 'TOVAR DAVILA RAYMUNDO LEOPOLDO', 'TODR660529856', '10-18-31-13', '', '', '', '', NULL),
(10015, 11, 10, 'TOVAR DAVILA JUAN GUSTAVO', 'TODJ690623JL3', '', '', '', '', '', NULL),
(10016, 11, 10, 'QUELA, SA DE CV', 'QUE5805062G9', '53-92-09-35', '', '', '', '', NULL),
(10017, 11, 10, 'FORMAS PARA NEGOCIOS, SA DE CV', 'FNE480927SF1', '53-67-49-53', '', '', '', '', NULL),
(10018, 11, 10, 'IMPRESOS GUILMAR, SA DE CV', 'IGU7409062T8', '56-70-23-08', '', '', '', '', NULL),
(10019, 11, 10, 'REPRODUCCIONES FOTOMECANICAS, SA DE CV', 'RFO801023MJ4', '53-58-10-55', '', '', '', '', NULL),
(10020, 10, 10, 'IMPRESOS FLORIDA, SA DE CV', 'IFL870318T32', '53-94-31-24', '53-82-89-43', '', '', '', NULL),
(10021, 11, 10, 'JOSE QUEVEDO GARCIA', 'QUGJ7106101C4', '55-50-48-05', '044-55-18-56-27', '', '', '', NULL),
(10022, 11, 10, 'MARIA ELENA ORGAMBIDE IGOA', 'OAIE690702KY0', '', '', '', '', '', NULL),
(10023, 11, 10, 'CRISTOBAL DOMINGO AGUILAR HERNANDEZ', 'AUHC4107259D1', '', '', '', '', '', NULL),
(10024, 11, 10, 'MARTHA ARCELIA SAENZ QUIROZ', 'SAQM640828637', '', '', '', '', '', NULL),
(10025, 11, 10, 'CORTES NAVARRO ALFREDO', 'CONA7208311K3', '', '', '', '', '', NULL),
(10026, 11, 10, 'AFA INDUSTRIES DE MEXICO, SA DE CV', 'AIM990115BY3', '01-84-44-30-02-', ' 01-84-44-30-07', '', '', '', NULL),
(10027, 11, 10, 'S.G. IMPRESIONES DE VANGUARDIA, SA DE CV', 'SGI070730MK0', '62-73-70-80', '67-21-68-68', '', '', '', NULL),
(10028, 11, 10, 'OSCAR GARCIA GUTIERREZ', 'GAGO710820970', '', '', '', '', '', NULL),
(10029, 11, 10, 'B&B IMPRESORES SA DE CV', 'BBI971009E75', '30-95-85-00', '30-95-37-91', '', '', '', NULL),
(10030, 10, 10, 'IMPRESOS Y EMPAQUES FADM, S DE RL DE CV', 'IEF1110129Y9', '50-95-46-00', '', '', '', '', NULL),
(10031, 10, 10, 'LITHOMON HERMANOS S. DE R.L.', 'LHE0410199A1', '26-15-57-65', '43-29-67-32', '', '', '', NULL),
(10032, 11, 10, 'JUAREZ MARTINEZ JOSE CARLOS', 'JUMC851108Q7A', '', '', '', '', '', NULL),
(10033, 10, 10, 'IMPRESORA LEOVER SA DE CV', 'ILE8509113Q3', '52-34-61-10', '52-34-61-12', '', '', '', NULL),
(10034, 10, 10, 'LITO SERVICIOS SA DE CV', 'LSE960213IN2', '57-59-67-67', '57-59-67-68', '', '', '', NULL),
(10035, 10, 10, 'TERMINADOS LITOGRAFICOS, SA DE CV', 'TLI9809183U3', '52-76-12-71', '30-67-24-00', '', '', '', NULL),
(10036, 11, 10, 'GRUPO IMPRESOS BOSS SA DE CV', 'GIB0908063U3', '56-72-89-34', '', '', '', '', NULL),
(10037, 11, 10, 'ESTAMOS EN FRECUENCIA SA DE CV', 'EFR110323543', '55-41-55-02', '', '', '', '', NULL),
(10038, 10, 10, 'POLIPROPILENO EMPAQUE Y PUBLICIDAD SA DE CV', 'PEP0404147H3', '53-99-10-72', '', '', '', '', NULL),
(10039, 11, 10, 'CARLOS ALBERTO DUARTE SALAGADO', 'DUSC6706226N2', '', '', '', '', '', NULL),
(10040, 10, 10, 'IMPRESORA COYOACAN SA DE CV', 'ICO580905HW7', '50-62-61-22', '', '', '', '', NULL),
(10041, 11, 10, 'ALBERTO DE LAS RIVAS ZULUETA', 'RIZA740205AV1', '', '', '', '', '', NULL),
(10042, 10, 10, 'GRUPO GRAFICO ROMO SA DE CV', 'GGR891107FB5', '21-22-60-50', '', '', '', '', NULL),
(10043, 11, 10, 'LUIS FERNANDO GONZALEZ VEITES', 'GOVL740806HE4', '57-62-73-21', '', '', '', '', NULL),
(10044, 11, 10, 'IMPRESION EN LINEA SA DE CV', 'ILI110525C43', '55-98-09-55', '', '', '', '', NULL),
(10045, 11, 10, 'VILLALOBOS ZEPEDA SALVADOR ALEJANDRO', 'VIZS710530AU3', '', '', '', '', '', NULL),
(10046, 11, 10, 'CORPAR, SA DE CV', 'COR020429UR4', '01-449-973-12-4', '', '', '', '', NULL),
(10047, 10, 10, 'CARTOEMPAQUES IMPRESOS DE MEXICO SA DE CV', 'CIM071127VE2', '30-00-82-00', '', '', '', '', NULL),
(10048, 10, 10, 'GONZALEZ ARCE ADOLFO GERMAN', 'GOAA591023HB9', '55-48-44-01', '044-55-14-75-10', '', '', '', NULL),
(10049, 10, 10, 'IMPRESORA OFFER SA', 'IOF6208029F4', '', '', '', '', '', NULL),
(10050, 11, 10, 'HECMAN IMPRESORES SA DE CV', 'HIM940426QM9', '53-61-10-24', '53-97-68-55', '', '', '', NULL),
(10051, 10, 10, 'IMPRESOS JUAREZ DE MEXICO SA DE CV', 'IJM030121678', '56-10-22-90', '54-21-40-56', '', '', '', NULL),
(10052, 12, 10, 'LITOGRAFICA LINDAVISTA SA DE CV', 'LLI860304CM8', '55-86-76-64', '57-52-82-41', '', '', '', NULL),
(10053, 11, 10, 'GRAFICOS LOR SA DE CV', 'GLO980403QP6', '57-63-15-15', '', '', '', '', NULL),
(10054, 11, 10, 'STYLE PRINT SA DE CV', 'SPR020528134', '53-61-14-78', '', '', '', '', NULL),
(10055, 12, 10, 'IMPRESOS VILLA FLORITO SA DE CV', 'IVF9712045I8', '52-60-40-10', '', '', '', '', NULL),
(10056, 11, 10, 'MARTIN MENDOZA MARTINEZ', 'MEMM710809M96', '57-61-09-00', '', '', '', '', NULL),
(10057, 11, 10, 'PUBLICIDAD VAL HERMANOS SA DE CV', 'PVH021028CW3', '53-36-54-26', '', '', '', '', NULL),
(10058, 11, 10, 'MA. DOLORES ANICA ISLAS', 'AIID650217J26', '', '', '', '', '', NULL),
(10059, 11, 10, 'IMPRESIONES CHERAL SA DE CV', 'ICE021007631', '46-32-65-19', '', '', '', '', NULL),
(10060, 10, 10, 'ARGO ARTES GRAFICAS SA', 'AAG8107095M1', '55-76-32-33', '', '', '', '', NULL),
(10061, 11, 10, 'GARCIA LOPEZ BERTHA', 'GALB691227A92', '', '', '', '', '', NULL),
(10062, 10, 10, 'ROCE EMPAQUES DE CARTON PAPELERIA Y REGALOS ', 'REC971021IKA', '53-42-23-97', '53-41-13-44', '', '', '', NULL),
(10063, 11, 10, 'MELO DIAZ ABEL', 'MEDA770429L75', '', '', '', '', '', NULL),
(10064, 11, 10, 'GRUPO LANGAMAR IMPRESIONES SA DE CV', 'GLI1202024Z8', '56-70-23-88', '', '', '', '', NULL),
(10065, 10, 10, 'ARVATO DE MEXICO SA DE CV', 'AME8612015S0', '53-42-80-00', '53-42-80-22', '', '', '', NULL),
(10066, 10, 10, 'CARGRAPHICS SA DE CV', 'CAR0701112P0', '53-73-17-33', '26-26-59-00', '', '', '', NULL),
(10067, 10, 10, 'EFFORM SA DE CV', 'EFF801107SZ7', '53-53-19-52', '53-53-28-89', '', '', '', NULL),
(10068, 10, 10, 'GRAFICAS CORONA JE SA DE CV', 'GCJ020416836', '33-00-97-51', '33-00-97-64', '', '', '', NULL),
(10069, 10, 10, 'GRUPO INTEGRAL GRAPHICS SA DE CV', 'GIG970806AF9', '53-63-00-90', '33-00-97-50', '', '', '', NULL),
(10070, 10, 10, 'MODIFICA & JE SA DE CV', 'M&J040122UD1', '33-00-97-50', '', '', '', '', NULL),
(10071, 10, 10, 'ONE TO ONE SOLUTION MEXICO SA DE CV', 'OTO050930TJ8', '33-00-97-50', '', '', '', '', NULL),
(10072, 10, 10, 'IMPRESOS LITOPOLIS SA DE CV', 'ILI960207P76', '10-84-43-43', '', '', '', '', NULL),
(10073, 10, 10, 'IMPRENTA REYES HERMANOS SA DE CV', 'IRH830121BB7', '50-10-95-00', '5010-95-29', '', '', '', NULL),
(10074, 10, 10, 'LITOGRAFIA GIL SA', 'LGI661107M86', '52-73-05-07', '', '', '', '', NULL),
(10075, 10, 10, 'LOVA IMPRESORES SA DE CV', 'LIM830415AC3', '53-52-9071', '', '', '', '', NULL),
(10076, 10, 10, 'LITOGRIMANN SA DE CV', 'LIT6108231N7', '01-72-82-84-74-', '01-72-82-84-74-', '', '', '', NULL),
(10077, 10, 10, 'LITOPROCESS SA DE CV', 'LIT8310303I3', '21-22-56-00', '21-22-10-60', '', 'litoprocess@litoprocess.com', 'www.litoprocess.com', NULL),
(10078, 11, 10, 'DISEÑOS EN CORRUGADO Y PUBLICIDAD SA DE CV', 'DCP070208GRA', '58-25-83-39', '', '', '', '', NULL),
(10079, 10, 10, 'SOLUCIONES INTEGRALES EN EMPAQUES SANTILLAN ', 'SIE0906052W8', '57-83-88-72', '57-46-26-65', '', '', '', NULL),
(10080, 11, 10, 'CANTU SALAS OSCAR EDUARDO', 'CASO830608267', '', '', '', '', '', NULL),
(10081, 10, 10, 'RED PEPPER COMUNICACION SA DE CV', 'RPC1008106Z0', '17-39-06-37', '42-28-40-06', '', '', '', NULL),
(10082, 10, 10, 'MADIN IMPRESORES SA DE CV', 'MIM830617AY2', '53-96-30-71', '53-96-00-16', '', '', '', NULL),
(10083, 11, 10, 'PUBLIKIT PDV SA DE CV', 'PPD100416BB5', '53-44-51-11', '81-18-74-02', '', '', '', NULL),
(10084, 13, 10, 'SONY DADC MEXICO SA DE CV', 'SDM910101F48', '53-21-36-00', '', '', '', '', NULL),
(10085, 10, 10, 'HIGHPACK S DE RL DE CV', 'HIG020712KL5', '01-33-35-60-62-', '', '', '', '', NULL),
(10086, 11, 10, 'ROCHA HERNANDEZ LUIS ANGEL', 'ROHL601001CW4', '', '', '', '', '', NULL),
(10087, 10, 10, 'LAMINADOS FINOS DE CARTON SA DE CV', 'LFC720612343', '53-59-28-30', '53-59-28-34', '', '', '', NULL),
(10088, 11, 10, 'RANGEL MARTINEZ JORGE FABIAN', 'RAMJ761013HH8', '57-40-02-37', '43-24-67-17', '', '', '', NULL),
(10089, 11, 10, 'PRINT & PRINTERS SA DE CV', 'P&P0003028P0', '', '', '', '', '', NULL),
(10090, 11, 10, 'MEETING PLANNERS INTERNATIONAL SA DE CV', 'MPI0106196UA', '52-81-00-40', '', '', '', '', NULL),
(10091, 11, 10, 'GRAPHIFORMS SA DE CV', 'GRA9211187L7', '57-59-18-65', '57-59-19-63', '', '', '', NULL),
(10092, 10, 10, 'CAPLETON SA DE CV', 'CAP060726TG2', '01-22-22-74-05-', '01-22-22-74-05-', '', '', '', NULL),
(10093, 11, 10, 'VESTIMOS TU PRODUCTO, SA DE CV', 'VTP080123QM0', '52-43-08-92', '', '', '', '', NULL),
(10094, 13, 10, 'LORI DER SA DE CV', 'LDE000101334', '26-26-83-43', '55-45-45-25', '', '', '', NULL),
(10095, 10, 10, 'FERRANDIZ  DF   SA DE CV', 'FER730514B93', '56-55-05-65', '', '', '', '', NULL),
(10096, 11, 10, 'PLEGADIZOS MIJANGOS HERMANOS SA DE CV', 'PMH910211TC1', '56-93-63-91', '', '', '', '', NULL),
(10097, 13, 10, 'EMPAQUES PLASTICOS ERI S DE RL DE CV', 'EPE080429QF0', '56-46-89-59', '', '', '', '', NULL),
(10098, 11, 10, 'ORDOÑEZ SALAZAR JOSE AMADO', 'OOSA550913JVA', '', '', '', '', '', NULL),
(10099, 11, 10, 'CARTOGRAPHIC, SA DE CV', 'CAR9610152L8', '01-33-32-84-16-', '', '', '', '', NULL),
(10100, 10, 10, 'SMURFIT CARTON Y PAPEL DE MEXICO SA DE CV', 'SCP900125TT8', '57-29-23-00', '', '', '', '', NULL),
(10101, 10, 10, 'DICOGRAF SA DE CV', 'DIC92071516A', '01-777-311-27-9', '', '', '', '', NULL),
(10102, 11, 10, 'HECO PRODUCCIONES GRAFICAS, SA DE CV', 'HPG9801292LA', '57-61-94-94', '52-19-83-70', '', '', '', NULL),
(10103, 10, 10, 'SERVIN TREJO FERNANDO', 'SETF770910S59', '35-48-25-50', '35-48-25-51', '', '', '', NULL),
(10104, 11, 10, 'LITOGRAFICA MEXPRESS SA DE CV', 'LME060906HE0', '10-55-82-32', '', '', '', '', NULL),
(10105, 11, 10, 'OROZCO DURAN MELCHOR', 'OODM4302201Y1', '', '', '', '', '', NULL),
(10106, 11, 10, 'TOVAR GOMEZ ELSA ALEJANDRA', 'TOGE880219PU7', '', '', '', '', '', NULL),
(10107, 11, 10, 'PRASENZ SA DE CV', 'PRA0409157S6', '15-46-16-46', '', '', '', '', NULL),
(10108, 11, 10, 'LESLIE PERLA GARCIA ORNELAS', 'GAOL7010063Z2', '', '', '', '', '', NULL),
(10109, 10, 10, 'BLAZQUEZ RODRIGUEZ HECTOR HUGO', 'BARH590228LE9', '53-41-04-54I', '53.41-76-87', '', '', '', NULL),
(10110, 11, 10, 'TALLERES UNIDOS MEXICANOS SA DE CV', 'TUM691114HS1', '56-86-10-90', '56-86-13-90', '', '', '', NULL),
(10111, 10, 10, 'IMPRIMART SA DE CV', 'IMP070802CE0', '21-22-10-60', '', '', '', '', NULL),
(10112, 11, 10, 'MONTAÑO CORTES AZUCENA', 'MOCA740310LSA', '', '', '', '', '', NULL),
(10113, 10, 10, 'VETTORETTI IMPRESORES SA DE CV', 'VIM970514992', '01-77-73-16-28-', '', '', '', '', NULL),
(10114, 11, 10, 'TORRES ISLAS BARTOLOME', 'TOIB4808241A4', '', '', '', '', '', NULL),
(10115, 11, 10, 'GARNICA JACINTO ROMUALDO', 'GAJR710207QN1', '', '', '', '', '', NULL),
(10116, 11, 10, 'RAMIREZ GUERRA RODOLFO', 'RAGR580827S26', '', '', '', '', '', NULL),
(10117, 11, 10, 'TOVAR DAVILA MARIO ALBERTO', 'TODM820913521', '', '', '', '', '', NULL),
(10118, 11, 10, 'IMAGEN PROMOCIONALES Y PUBLICIDAD, SA DE CV', 'IPP9807027A6', '53-03-66-16', '', '', '', '', NULL),
(10119, 11, 10, 'CORTES OLVERA IVAN RAUL', 'COOI620524431', '', '', '', '', '', NULL),
(10120, 11, 10, 'LARA HERNANDEZ JORGE PATRICIO', 'LAHJ820319260', '', '', '', '', '', NULL),
(10121, 11, 10, 'BRAVO ANDRADE CAROLINA SILVIA', 'BAAC561013CX7', '', '', '', '', '', NULL),
(10122, 11, 10, 'LOPEZ LOPEZ FRANCISCO JENARO', 'LOLF6509196V7', '', '', '', '', '', NULL),
(10123, 11, 10, 'DAMIAN LOPEZ AUGUSTO CESAR', 'DALA691010T69', '', '', '', '', '', NULL),
(10124, 11, 10, 'FOTORAMA DE MEXICO, SA DE CV', 'FME860128GR5', '55-57-55-22', '', '', '', '', NULL),
(10125, 11, 10, 'FACTOR PUNTO DE COMUNICACION SA DE CV', 'FPC120229J89', '36-26-29-54', '36-26-29-55', '', '', '', NULL),
(10126, 11, 10, 'DISEÑO Y EMPAQUES PLASTICOS INDUSTRIALES DEPISA ', 'DEP910813BK9', '57-71-13-02', '55-51-01-47', '', '', '', NULL),
(10127, 11, 10, 'GARCIA CHAVEZ AMALIA', 'GACA780710KE3', '', '', '', '', '', NULL),
(10128, 11, 10, 'GRUPO COMERCIAL SPCAPLE SA DE CV', 'GCS111023V65', '', '', '', '', '', NULL),
(10129, 11, 10, 'BOBST LATINOAMERICA NORTE, SA DE CV', 'BGL9709252M6', '53-40-09-70', '53-40-09-80', '', '', '', NULL),
(10130, 11, 10, 'TOVAR LARA CARLOS', 'TOLC840429JN2', '', '', '', '', '', NULL),
(10131, 11, 10, 'TOVAR LARA FRANCISCO', 'TOLF8109036K1', '', '', '', '', '', NULL),
(10132, 11, 10, 'GONZALEZ  MEDINA JUSTO RAUL', 'GOMJ661216BY6', '', '', '', '', '', NULL),
(10133, 11, 10, 'GARCIA GARCIA MARIA GUADALUPE', 'GAGG601101231', '', '', '', '', '', NULL),
(10134, 11, 10, 'GLOBAL MARKETING SYSTEM MEXICO SA DE CV', 'GMS050817G52', '57-59-40-05', '', '', '', '', NULL),
(10135, 10, 10, 'ISOVOLTA  DE MEXICO S.A. DE C.V.', 'IME990527NG7', '58-70-79-30', '', '', '', '', NULL),
(10136, 11, 10, 'JASON DE MEXICO S DE RL DE CV', 'JME0501218C0', '55-87-36-80', '', '', '', '', NULL),
(10137, 11, 10, 'JOSE MENDOZA MORALES', 'MEMJ5201207Z0', '', '', '', '', '', NULL),
(10138, 11, 10, 'LITOGRAFIA VISUAL S.A. DE C.V.', 'LVI1011193Y1', '10-90-04-98', '', '', '', '', NULL),
(10139, 10, 10, 'LITO OFFSET COMERCIAL S.A. DE C.V.', 'LOC810302H45', '26-03-16-87', '', '', '', '', NULL),
(10140, 10, 10, 'INTERNATIONAL TRIMMINGS AND LABELS MEXICO S DE ', 'ITL0605234K8', '01-71-21-22-99-', '', '', '', '', NULL),
(10141, 11, 10, 'CONCEPTO BE S. DE R.L. DE C.V.', 'CBE121030KC6', '43-98-51-97', '', '', '', '', NULL),
(10142, 11, 10, 'MARTIN VILLAGRAN SANTACRUZ', 'VISM630320ND3', '', '', '', '', '', NULL),
(10143, 11, 10, 'IMPRESOS YA S.A. DE C.V.', 'IYA010426UI9', '85-96-03-14', '', '', '', '', NULL),
(10144, 11, 10, 'JUAN SALUSTIO ARRIAGA CAMPOS', 'AICJ7409193G3', '', '', '', '', '', NULL),
(10145, 11, 10, 'MARIA DE LOURDES BAEZ JIMENEZ', 'BAJL620615H13', '', '', '', '', '', NULL),
(10146, 11, 10, 'TASIC S.A. DE C.V.', 'TAS9104055X6', '55-79-23-54', '55-79-22-55', '', '', '', NULL),
(10147, 11, 10, 'GRUPO PAPEL Y COLOR SA DE CV', 'GPC080818LC5', '58-99-22-00', '', '', '', '', NULL),
(10148, 11, 10, 'SOL SCHAJRIS', 'SASO711218PK9', '31-84-74-18', '', '', '', '', NULL),
(10149, 11, 10, 'TECNOLOGIA EN HERRAMENTALES ESPECIALES S.A DE ', 'THE130123S63', '', '', '', '', '', NULL),
(10150, 11, 10, 'CANTU MAISSON MARIA DOLORES', 'CAMD6409298W0', '', '', '', '', '', NULL),
(10151, 11, 10, 'GRUPO MEXGRAPHIC S.A. DE C.V.', 'GME010221892', '55-72-71-44', '', '', '', '', NULL),
(10152, 11, 10, 'ETIQUETAS Y PLEGADIZOS MG S.A. DE C.V.', 'EPM860911985', '55-15-95-10', '', '', '', '', NULL),
(10153, 11, 10, 'IRESMA GRAFICOS S DE RL DE CV', 'IGR110131NK5', '53-56-53-84', '', '', '', '', NULL),
(10154, 11, 10, 'LITO GRENM S.A. DE C.V.', 'LIT0908262KA', '59-14-12-46', '', '', '', '', NULL),
(10155, 11, 10, 'IMPRESOS Y SUAJES S.A. DE C.V.', 'ISU870219HI1', '52-50-21-28', '', '', '', '', NULL),
(10156, 11, 10, 'MIGUEL MORALES ESPARZA', 'MOEM7106102D7', '55-69-86-65', '55-15-95-11', '', '', '', NULL),
(10157, 10, 10, 'OFFSET IMPRENTA, SA DE CV', 'OIM7212211C4', '58-45-31-66', '56-74-56-37', '', '', '', NULL),
(10158, 11, 10, 'ALFREDO ARENAS JUAREZ', 'AEJA7508316W8', '38-73-92-63', '62-94-99-22', '', '', '', NULL),
(10159, 11, 10, 'CANVI COMUNICAT S.A. DE C.V.', 'CCO050929RG2', '', '', '', '', '', NULL),
(10160, 11, 10, 'M P  M S.A. DE C.V.', 'MPM950302UZA', '', '', '', '', '', NULL),
(10161, 13, 10, 'MAGNEFIX S DE RL DE CV', 'MAG990114QV2', '01-99-777-068', '', '', '', '', NULL),
(10162, 11, 10, 'MARIA TERESA PANICO SALINAS', 'PAST470905KR5', '', '', '', '', '', NULL),
(10163, 11, 10, 'TECNOLOGIA EN IMPRESION PROFESIONAL S.A. DE C.V.', 'TIP010712967', '56-57-22-93', '', '', '', '', NULL),
(10164, 11, 10, 'T.F. VICTOR S.A. DE C.V.', 'TVI811215I93', '21-22-85-00', '', '', '', '', NULL),
(10165, 11, 10, 'GRUPO INTERCONSULT S.A. DE C.V.', 'GIN960129LE2', '01-722-24-97-49', '', '01-722-24-97-49', '', '', NULL),
(10166, 11, 10, 'MANUEL DE  JESUS PRADO CERVERA', 'PACM900406BG8', '', '', '', '', '', NULL),
(10167, 11, 10, 'SIGNCAL, SA DE CV', 'SCA020703G25', '54-45-90-73', '', '', '', '', NULL),
(10168, 11, 10, 'TERMOFORMADOS Y ACABADOS S.A. DE C.V.', 'TAC890629E89', '56-74-56-37', '', '', '', '', NULL),
(10169, 11, 10, 'CLAUDIA PATRICIA FAZ ROMERO', 'FARC820416DY8', '', '', '', '', '', NULL),
(10170, 11, 10, 'IMPRESORA DEL CANJE PAGRIMA SA DE CV', 'ICP030410V56', '54-45-68-48', '', '', '', '', NULL),
(10171, 13, 10, 'EDITORIAL OFFSET ADRIANA SA DE CV', 'EOA960213FX3', '55-3218-92', '', '', '', '', NULL),
(10172, 11, 10, 'IMPRESORA DE PRODUCTOS ESPECIALES SA DE CV', 'IPE900504GS8', '', '', '', '', '', NULL),
(10173, 11, 10, 'SALVADOR ANTONIO FLORES CABELLO', 'FOCS800923LK9', '', '', '', '', '', NULL),
(10174, 11, 10, 'COMPLEMENTOS Y CUÑAS SA DE CV', 'CCU1202097P8', '26-31-67-88', '', '', '', '', NULL),
(10175, 11, 10, 'INNOVACIONES DEPORTIVAS DE AMERICA SA DE CV', 'IDA990623N1A', '53-12-33-12', '', '', '', '', NULL),
(10176, 10, 10, 'CORRUGADOS COATITLA S.A. DE C.V.', 'CCO120612GN2', '56-99-99-55', '55-69-79-07', '', '', '', NULL),
(10177, 11, 10, 'ENVASES MICROONDA SA DE CV', 'EMI830930G11', '01-47-77-88-49-', '', '', '', '', NULL),
(10178, 11, 10, 'JOSE ALEJANDRO MORALES URUETA', 'MOUA630901DG9', '59-96-67-79', '', '', '', '', NULL),
(10179, 11, 10, 'INJECTION WORLD SA DE CV', 'IWO051025IG1', '53-00-28-91', '', '', '', '', NULL),
(10180, 11, 10, 'PLASTICOS POLA SA DE CV', 'PPO830624QU9', '53-60-35-14', '', '', '', '', NULL),
(10181, 11, 10, 'BLANCA ESTELA CEDILLO NUÑEZ', 'CENB760920FW6', '', '', '', '', '', NULL),
(10182, 11, 10, 'PAULA ERIKA BOUVIER MARQUEZ', 'BOMP760628344', '', '', '', '', '', NULL),
(10183, 10, 10, 'LAZHER PRINTER SA DE CV', 'LPR1204165P8', '01-72-82-85-45-', '', '', '', '', NULL),
(10184, 11, 10, 'IMPRESIONES ARTCO SA DE CV', 'IAR600510M60', '85-90-91-71', '85-90-91-71', '', '', '', NULL),
(10185, 11, 10, 'COMUNICACIONES FECHA SA DE CV', 'CFE1001074S2', '57-84-60-99', '57-84-60-66', '', '', '', NULL),
(10186, 11, 10, 'IMPRESION COLORS 2000 SA DE CV', 'ICD081003LR5', '53-02-82-50', '', '', '', '', NULL),
(10187, 11, 10, 'FER - NET PRODUCCIONES SA DE CV', 'FPR100422SI7', '52-43-59-91', '20-65-36-88', '', '', '', NULL),
(10188, 11, 10, 'PUBLICIDAD Y PAPEL, SA DE CV', 'PUB070417IJ3', '', '', '', '', '', NULL),
(10189, 11, 10, 'ANANDA ENGRAVING DE MEXICO S.A. DE C.V.', 'AEM090213QC7', '53-68-19-63', '53-68-94-50', '', '', '', NULL),
(10190, 11, 10, 'MUSHPRINT SA DE CV', 'MPR950626MU9', '55-31-82-60', '', '', '', '', NULL),
(10191, 11, 10, 'ASOCIACION DE AYUDA A NIÑOS CON TRASTORNOS EN ', 'AAN971024S87', '', '', '', '', '', NULL),
(10192, 11, 10, 'SERVICIOS CORPORATIVOS PRINT NOW SA DE CV', 'SCP110826ESA', '62-78-77-82', '', '', '', '', NULL),
(10193, 11, 10, 'IMPRESOS DIFORMS SA DE CV', 'IDI9809085N8', '57-94-46-16', '', '', '', '', NULL),
(10194, 11, 10, 'MARIA GUADALUPE VALDES MACOTELA', 'VAMG730922V57', '', '', '', '', '', NULL),
(10195, 11, 10, 'TECNO PACK CORRUGADOS SA DE CV', 'TPC9101033I9', '53-62-99-77', '', '', '', '', NULL),
(10196, 11, 10, 'BALBOA GARCIA ENRIQUE ALBERTO', 'BAGE680217EH7', '', '', '', '', '', NULL),
(10197, 10, 10, 'VAJ SYSTEM SA DE CV', 'VSY100106GFA', '57-37-13-17', '43-23-79-58', '', '', '', NULL),
(10198, 11, 10, 'OGOÑO S DE RL DE CV', 'OGO0807282N1', '55-79-31-15', '', '', '', '', NULL),
(10199, 11, 10, 'GALLARDO FUENTES ELPIDIA LUCIA', 'GAFE611116CK1', '', '', '', '', '', NULL),
(10200, 11, 10, 'MENDOZA MARTINEZ MARTIN', 'MEMM710802M96', '', '', '', '', '', NULL),
(10201, 11, 10, 'JSP INTERNATIONAL DE MEXICO, SA DE CV', 'JIM9401121I0', '01-722-548-28-1', '', '', '', '', NULL),
(10202, 10, 10, 'ARGO PUBLICIDAD Y DISEÑO, SA DE CV', 'APD9802125M8', '', '', '', '', '', NULL),
(10203, 11, 10, 'VEGA LORENZO DANIEL', 'VELD7102139Y2', '', '', '', '', '', NULL),
(10204, 11, 10, 'IMPRESUM, SA DE CV', 'IMP050221FL1', '55-67-87-23', '', '', '', '', NULL),
(10205, 11, 10, 'HERNANDEZ MAYA JOSE JESUS', 'HEMJ650206PB5', '57-15-85-72', '', '', '', '', NULL),
(10206, 11, 10, 'HERRAPLAS, SA DE CV', 'HER110502P37', '55-90-05-08', '', '', '', '', NULL),
(10207, 11, 10, 'PROFESIONALES EN SOLUCIONES DE EMPAQUE, SA DE ', 'PSE080813FN2', '56-97-30-23', '', '', '', '', NULL),
(10208, 11, 10, 'LARA FIGUEROA IRENE', 'LAFI590221DK8', '55-71-58-95', '', '', '', '', NULL),
(10209, 13, 10, 'GRUPO WELVAART, SA DE CV', 'GWE120717310', '71-57-29-64', '71-57-29-74', '', '', '', NULL),
(10210, 11, 10, 'RESENDIZ ALVAREZ JOSE LUIS', 'REAL710710MZ3', '', '', '', '', '', NULL),
(10211, 11, 10, 'LAMINADOS  Y SINGLE FACE ECOLOGICOS,  SA DE CV', 'LSF100609SK9', '53-47-63-66', '', '', '', '', NULL),
(10212, 11, 10, 'GRAPHIC ARTE Y DISEÑO, SA DE CV', 'GAD130118J42', '80-0079-00', '', '', '', '', NULL),
(10213, 11, 10, 'LARRU DE MEXICO S DE RL', 'LUM940401EP0', '', '', '', '', '', NULL),
(10214, 11, 10, 'JAVIER CASTILLO GUTIERREZ', 'CAGJ681125MJ6', '', '', '', '', '', NULL),
(10215, 11, 10, 'INTERNATIONAL CORPORATE INNOVATIONS,SA DE CV', 'ICI1308198Q1', '51-19-17-29', '', '', '', '', NULL),
(10216, 11, 10, 'PEDRO ENRIQUE SOLIS HIJAR', 'SOHP580520S98', '57-40-45-92', '', '', '', '', NULL),
(10217, 11, 10, 'VICTOR  HUGO CABALLERO CRUZALEY', 'CACV720719GVA', '55-78-38-49', '49-96-54-13', '', '', '', NULL),
(10218, 11, 10, 'GAP PRINT, S DE RL DE CV', 'GPR070410QS0', '58-13-30-69', '', '', '', '', NULL),
(10219, 11, 10, 'INDUSTRIAS LITOGRAFICAS SERRANO HERMANOS,S. ', 'ILS071128AQ6', '57-51-88-15', '', '', '', '', NULL),
(10220, 11, 10, 'BURO DE SERVICIOS DECADA, SA DE CV', 'BSD050317827', '10-55-77-44', '57-39-10-15', '', '', '', NULL),
(10221, 11, 10, 'LOBATO MEZA NORMA', 'LOMN690611LN6', '', '', '', '', '', NULL),
(10222, 11, 10, 'HERNANDEZ CORDOVA  JESUS FRANCISCO', 'HECJ900830NA2', '', '', '', '', '', NULL),
(10223, 10, 10, 'COLOUR PRINTING PACK, SA DE CV', 'CPP101215S17', '91-83-05-22', '04455 34-73-30-', '', '', '', NULL),
(10224, 11, 10, 'VALPAX, SA DE CV', 'VAL061017UL0', '36-24-60-36', '', '', '', '', NULL),
(10225, 11, 10, 'SERVICIOS Y EQUIPOS MALDONADO, SA DE CV', 'SEM080407HM5', '59-38-44-22', '', '', '', '', NULL),
(10226, 11, 10, 'CANTU SALAS RODRIGO', 'CASR900609SN5', '', '', '', '', '', NULL),
(10227, 10, 10, 'GONCALVES DE MEXICO, S DE RL. DE CV', 'GME0509285X2', '58-99-85-00', '58-87-67-67', '', '', '', NULL),
(10228, 11, 10, 'MACAL AVENDAÑO CARLOS FERNANDO', 'MAAC660506PQ0', '53-57-43-57', '26-84-20-60', '', '', '', NULL),
(10229, 11, 10, 'FLEXCO DE MEXICO, SA DE CV', 'FME9211044Z1', '56-74-53-26', '56-74-53-51', '', '', '', NULL),
(10230, 11, 10, 'ALONSO SIMIANO LAURA CINTHIA', 'AOSL840803B18', '', '', '', '', '', NULL),
(10231, 11, 10, 'CHAROLAS Y EMPAQUES PLASTRIBAR, SA DE CV', 'CEP071128T70', '53-55-13-05', '', '', '', '', NULL),
(10232, 11, 10, 'IMPRESOS LUCAR,SA DE CV', 'ILU050303982', '58-45-03-44', '', '', '', '', NULL),
(10233, 11, 10, 'LITOGAP, S DE RL DE CV', 'LIT061220B95', '55-41-17-33', '10-84-32-22', '', '', '', NULL),
(10234, 11, 10, 'ROCUA INTERNACIONAL, SA DE CV', 'RIN9801215R4', '55-65-53-97', '', '', '', '', NULL),
(10235, 11, 10, 'DISTRIBUIDORA INDUSTRIAL MEXICANA, SA', 'DIM8402284X5', '54-26-52-08', '', '', '', '', NULL),
(10236, 11, 10, 'IMPRESORA RANGEL, SA DE CV', 'IRS910524LE9', '33-24-67-17', '', '', '', '', NULL),
(10237, 11, 10, 'AVERY DENNISON, SA DE CV', 'ADE971222GT0', '50-93-01-00', '', '', '', '', NULL),
(10238, 11, 10, 'INTEGRADORA  GRAFICA URMA, SA DE CV', 'IGU110315957', '', '', '', '', '', NULL),
(10239, 11, 10, 'RAMIREZ ORTEGA MIGUEL ANGEL', 'RAOM630904SZ1', '', '', '', '', '', NULL),
(10240, 10, 10, 'LITO  OFFSET LEN, SA. DE CV', 'LOL831205U30', '54-45-13-00', '54-45-13-50', '', '', '', NULL),
(10241, 11, 10, 'GUZMAN HERNANDEZ SANTIAGO', 'GUHS720725IP6', '', '', '', '', '', NULL),
(10242, 11, 10, 'GONZALEZ AGUIRRE  ERICK OMAR', 'GOAE890912D63', '', '', '', '', '', NULL),
(10243, 11, 10, 'LITO OFFSET Y EMPAQUES, SA DE CV', 'LOE040303EL4', '89-94-33-14', '89-94-33-14', '', '', '', NULL),
(10244, 11, 10, 'GARCIA  SEGURA  ESTHER', 'GASE3002057M2', '', '', '', '', '', NULL),
(10245, 11, 10, 'FRAGOSO SANCHEZ JOSE', 'FASJ680319736', '', '', '', '', '', NULL),
(10246, 11, 10, 'BATANERO BASTIDA JOSEFINA', 'BABJ5808078D5', '', '', '', '', '', NULL),
(10247, 11, 10, 'HOLOGRAMAS DE MEXICO, S DE RL DE CV', 'HME841214QG7', '55-41-17-91', '55-41-15-06', '', '', '', NULL),
(10248, 11, 10, 'NIETO MELCHOR ENRIQUE', 'NIME660831664', '', '', '', '', '', NULL),
(10249, 11, 10, 'POP MARKETING PRINTING SOLUTIONS DE MEXICO, SA ', 'PMP110202U56', '26-18-16-55', '', '', '', '', NULL),
(10250, 11, 10, 'VELAZQUEZ GONZALEZ VICTOR LORENZO', 'VEGV671223I96', '', '', '', '', '', NULL),
(10251, 10, 10, 'IMPRESOS MUÑIZ S DE RL DE CV', 'IMU090520AA8', '55-79-91-20', '', '', '', '', NULL),
(10252, 11, 10, 'LETRA, LIBRO Y ACABADOS SA DE CV', 'LLA140429TRA', '53-01-23-03', '', '', '', '', NULL),
(10253, 11, 10, 'INSTITUTO MEXICANO DEL SEGURO SOCIAL', 'IMS421231I45', '57-47-35-00', '', '', '', '', NULL),
(10254, 11, 10, 'REINALDO EMILIO NAGERA ALCOCER', 'NAAR740518LP3', '', '', '', '', '', NULL),
(10255, 11, 10, 'GEAR PRINTING SERVICES, SA DE CV', 'GPS130627CH4', '55-82-25-79', '', '', '', '', NULL),
(10256, 11, 10, 'MUÑOZ HERRERA  LAURA AZUCENA', 'MUHL740314RX1', '', '', '', '', '', NULL),
(10257, 11, 10, 'CASTAÑEDA CENTENO  ALEJANDRO', 'CACX6808305Y9', '', '', '', '', '', NULL),
(10258, 11, 10, 'SURTIDORA  GRAFICA,  SA DE CV', 'SGR840109PR8', '11-64-92-40', '11-64-92-41', '', '', '', NULL),
(10259, 11, 10, 'IMPRESORES DE OCCIDENTE, SA DE CV', 'IOC960611K13', '01-333-613-94-6', '', '01-333-613-88-1', '', '', NULL),
(10260, 11, 10, 'CREATIVIDAD Y ASESORIA RH POSITIVO,  SA DE CV', 'CAR1405079X1', '', '', '', '', '', NULL),
(10261, 11, 10, 'REYES ACUÑA GRACIELA', 'REAG480725RZ3', '', '', '', '', '', NULL),
(10262, 11, 10, 'MENDIETA OMAÑA  HECTOR', 'MEOH720228RV8', '', '', '', '', '', NULL),
(10263, 13, 10, 'TERMOFORMADOS ARIES SA DE CV', 'TAR130814NE0', '58-30-42-30', '', '', '', '', NULL),
(10264, 11, 10, 'BELICA IMPRESORES DE MEXICO, SA DE CV', 'BIM120720HH6', '57-62-73-21', '26-43-52-76', '', '', '', NULL),
(10265, 11, 10, 'MAGAÑA LEON ARIALDO', 'MALA8106126X5', '', '', '', '', '', NULL),
(10266, 11, 10, 'VIVEROS CORTES ROSALINDA', 'VUCR760629TX2', '', '', '', '', '', NULL),
(10267, 10, 10, 'INTERNATIONAL BUSINESS SOLUTION DE MEXICO, SA ', 'IBS970801P19', '53-19-19-82', '', '', '', '', NULL),
(10268, 11, 10, 'RESENDIZ AGUILA  JOSE LUIS', 'REAL930412BA9', '', '', '', '', '', NULL),
(10269, 11, 10, 'DISEÑO Y SOLUCION INTEGRAL SANTILLAN RAMIREZ, ', 'DSI070403LG8', '66-50-97-18', '', '', '', '', NULL),
(10270, 11, 10, 'GRAFICOS GAMMA, S.A', 'GGA750224K13', '55-38-72-76', '', '', '', '', NULL),
(10271, 11, 10, 'IMPRESORES EN OFFSET Y SERIGRAFIA SC DE RL DE ', 'IOS010313EG7', '12-51-33-33', '', '', '', '', NULL),
(10272, 11, 10, 'ETICAL, SA DE CV', 'ETI950929CK7', '50-39-31-33 ', '', '', '', '', NULL),
(10273, 10, 10, 'ARTES GRAFICAS SANABRIA, SA DE CV', 'AGS880713R82', '55-45-39-02', '', '', '', '', NULL),
(10274, 11, 10, 'IMPRESORA Y LITOGRAFICA  HEVA, SA', 'ILH740222LRO', '55-26-48-13', '', '', '', '', NULL),
(10275, 11, 10, 'GRUPO TECNIFOAM, SA DE CV', 'GTE020726F4A', '55-67-95-91', '', '', '', '', NULL),
(10276, 11, 10, 'TORRES RODRIGUEZ VICTOR  NOE', 'TORV721110TE7', '', '', '', '', '', NULL),
(10277, 11, 10, 'INDUSTRIA GRAFICA LOMA CAPITAL, SA DE CV', 'IGL140929KB3', '70-91-95-80', '', '', '', '', NULL),
(10278, 11, 10, 'CALDERON SANCHEZ  LEONARDO  DANIEL', 'CASL891020NBA', '', '', '', '', '', NULL),
(10279, 11, 10, 'COLOR DIGITAL EN FLEXOGRAFIA, SA DE CV', 'CDF990326DP7', '53-89-05-55', '', '', '', '', NULL),
(10280, 11, 10, 'AGSA  IMPRESORES, SA DE CV', 'AIM140924TY9', '', '', '', '', '', NULL),
(10281, 11, 10, 'CORREO E IMPRESIONES MAC, SA DE CV', 'CIM050629222', '33-00-97-50', '', '', '', '', NULL),
(10282, 11, 10, 'BALDERAS PIÑA MA. DE LOURDES', 'BAPL5404215Z7', '', '', '', '', '', NULL),
(10283, 11, 10, 'GELD  ZEIT DE MEXICO, SA DE CV', 'GZM040531JX1', '55-81-05-66', '', '', '', '', NULL),
(10284, 11, 10, 'TONAL, SA DE CV', 'TON990610AJ9', '53-97-71-59', '', '', '', '', NULL),
(10285, 11, 10, 'REPUBLIC  NAIL, SA DE CV', 'RNA1201317C0', '', '', '', '', '', NULL),
(10286, 10, 10, 'HERPONS CONTINENTAL , SA DE CV', 'HCO970303DM3', '55-67-33-22', '', '', '', '', NULL),
(10287, 11, 10, 'GRITED, SA DE CV', 'GRI120306C52', '', '', '', '', '', NULL),
(10288, 11, 10, 'GRAFICOS JENTE, SA DE CV', 'GJE140623923', '', '', '', '', '', NULL),
(10289, 11, 10, 'COMPAÑIA LITOGRAFICA  INDUSTRIAL, SA DE CV', 'LIN920120NX8', '55-19-95-54', '', '', '', '', NULL),
(10290, 11, 10, 'CARTONERA  PLASTICA, SA DE CV', 'CPL880304FH5', '26-20-99-60', '', '', '', '', NULL),
(10291, 11, 10, 'HURTADO MARTINEZ JOSE JUAN', 'HUMJ740624GA4', '', '', '', '', '', NULL),
(10292, 10, 10, 'GRUPO INTEGRADOR 33, SA DE CV', 'GIT140619MX7', '044-55-13-53-31', '', '', '', '', NULL),
(10293, 13, 10, 'JANO SA DE CV', 'JAN9707112F3', '01-722-214-54-6', '', '', '', '', NULL),
(10294, 11, 10, 'LITOGRAFIA  LUROEL, SA DE CV', 'LLU020527SC5', '56-32-35-24', '', '', '', '', NULL),
(10295, 11, 10, 'IMPRESOS Y LITOS  UNIVERSALES, SA DE CV', 'ILU120330MG3', '58-03-83-30', '', '', '', '', NULL),
(10296, 11, 10, 'GILSOFT, SA DE CV', 'GIL9906281G6', '', '', '', '', '', NULL),
(10297, 11, 10, 'IMPRENTA  RAK, SA DE CV', 'IRA0911188N1', '55-63-17-88', '', '', '', '', NULL),
(10298, 10, 10, 'PYGSA  ADVERTISING, SA DE CV', 'PAD090929LK1', '91-13-17-93', '', '', '', '', NULL),
(10299, 11, 10, 'PREPRENSA DIGITAL, SA DE  CV', 'PDI980331TL0', '56-11-74-20', '', '', '', '', NULL),
(10300, 11, 10, 'IMPRESOS Y  PAPELERIA  MEXICANOS, S.A.', 'IPM780120MU0', '57-81-15-62', '', '', '', '', NULL),
(10301, 11, 10, 'XOLO ROSAS JOSE ISRAEL', 'XORI871124LV5', '', '', '', '', '', NULL),
(10302, 11, 10, 'GARCIA LARIOS EDITH', 'GALE8107194N4', '', '', '', '', '', NULL),
(10303, 11, 10, 'GRUPO IMPRESOR LITHOGRAFICO, SA DE CV', 'GIL080121567', '15-462912', '', '', '', '', NULL),
(10304, 11, 10, 'LITOGRAFICA MORALES, SA DE CV', 'LMO090805AF5', '', '', '', '', '', NULL),
(10305, 11, 10, 'DORANTES RAMIREZ ALFREDO', 'DORA660717EU8', '', '', '', '', '', NULL),
(10306, 11, 10, 'KOLOR MATS PUBLICIDAD, SA DE CV', 'KMP020823J68', '52-77-66-76', '', '', '', '', NULL),
(10307, 10, 10, 'OPERADORA OMX, SA DE CV', 'OOM960429832', '91-77-28-00', '', '', '', '', NULL),
(10308, 11, 10, 'IMAGINACION  EN MOVIMIENTO. SA DE CV', 'IMO130114L59', '', '', '', '', '', NULL),
(10309, 11, 10, 'MARTINEZ DOMINGUEZ   FABIAN', 'MADF820821PH7', '', '', '', '', '', NULL),
(10310, 11, 10, 'LITOGRAFICA RIO DEVA, SA DE CV', 'LRD140320FX0', '', '', '', '', '', NULL),
(10311, 10, 10, 'WINTERBORNE INCORPORATED DE MEXICO, SA DE CV', 'WIM070703M38', '53-12-63-64', '', '', '', '', NULL),
(10312, 11, 10, 'AISLANTES CORPORATIVO DOS MIL UNO, SA DE CV', 'ACD0610271H8', '58-77-73-19', '', '', '', '', NULL),
(10313, 11, 10, 'DELTA LAB DIAGNOSTICOS, SA DE CV', 'DLD980121I71', '55-89-15-28', '', '', '', '', NULL),
(10314, 11, 10, 'EASTSKY, SA DE CV', 'EAS1012141Z4', '55-89-15-28', '', '', '', '', NULL),
(10315, 11, 10, 'GUERRERO MENDOZA  ANGEL FRANCISCO', 'GUMA790802157', '', '', '', '', '', NULL),
(10316, 11, 10, 'CREASUNN,  SA DE CV', 'CRE040604TE1', '01-442-18-31-83', '', '', '', '', NULL),
(10317, 11, 10, 'MEJIA GOMEZ JOSE RICARDO', 'MEGR810802QR4', '', '', '', '', '', NULL),
(10318, 11, 10, 'ACABEN 2000, SA DE CV', 'ADM9008152S6', '56-71-30-79', '', '', '', '', NULL),
(10319, 11, 10, 'INGENIERIA ESPECIALIZADA EN VALVULAS Y EQUIPO ', 'IEE070705BH1', '56-96-35-61', '', '', '', '', NULL),
(10320, 11, 10, 'LUDIKA Y ARTEFACTOS, SA DE CV', 'LAR980303FT5', '56-84-60-72', '', '', '', '', NULL),
(10321, 11, 10, 'ARTICULOS DECORATIVOS NASO, SA  DE CV', 'ADN110413JT6', '', '', '', '', '', NULL),
(10322, 11, 10, 'VELASCO SENTIES EDUARDO', 'VESE770323AMO', '', '', '', '', '', NULL),
(10323, 11, 10, 'TOVAR GOMEZ  GUSTAVO', 'TOGG900217KC7', '', '', '', '', '', NULL),
(10324, 11, 10, 'AGORA MEDIOS, SA DE CV', 'AME1004052P6', '', '', '', '', '', NULL),
(10325, 11, 10, 'OSCAR MANUEL  HERRERA', 'HEOS741117DMA', '', '', '', '', '', NULL),
(10326, 11, 10, 'RIVERA  AGUILAR RODRIGO', 'RIAR820423LN8', '', '', '', '', '', NULL),
(10327, 11, 10, 'IMPRESOS MIJANGOS, SA  DE CV', 'IMI120228CA0', '56-93-63-91', '', '', '', '', NULL),
(10328, 11, 10, 'ZUÑIGA RAMIREZ JOSE LUIS', 'ZURL660119G82', '', '', '', '', '', NULL),
(10329, 11, 10, 'VENTAS MOSTRADOR', 'XAXX010101000', '57-19-50-14', '57-19-18-34', '', '', '', NULL),
(10330, 11, 10, 'ARROYO LLINAS GUADALUPE', 'AOLG571113617', '', '', '', '', '', NULL),
(10331, 11, 10, 'ARTE Y COLOR  ELECTRONICO, SA DE CV', 'ACE980527RPA', '53-64-42-41', '53-64-42-43', '', '', '', NULL),
(10332, 11, 10, 'CAMPOS Y RIOS ELENA', 'CARE351127PD0', '', '', '', '', '', NULL),
(10333, 11, 10, 'GRUPO CASLA Y ASOCIADOS, SA DE CV', 'GCA011025244', '', '', '', '', '', NULL),
(10334, 11, 10, 'ROJAS DIAZ  CLARA JAQUELINE', 'RODC800812QU7', '', '', '', '', '', NULL),
(10335, 11, 10, 'SANCHEZ NAVA JONATHAN ALBERTO', 'SANJ741102TP1', '', '', '', '', '', NULL),
(10336, 11, 10, 'IMPRESIONES EDITORIALES F T  SA DE CV', 'IEF0805281JA', '', '', '', '', '', NULL),
(10337, 11, 10, 'GEOMETRIKA MIL, SA  DE CV', 'GMI120621GN1', '01-238-392-80-3', '', '', '', '', NULL),
(10338, 11, 10, 'DIGIMIND,SA DE CV', 'DIG130222JI4', '', '', '', '', '', NULL),
(10339, 11, 10, 'GARCIA ESCAMILLA JORGE MIGUEL', 'GAEJ5409296Q3', '', '', '', '', '', NULL),
(10340, 11, 10, 'DISTRIBUIDORA LUCKAT, SA DE CV', 'DLU151123DX6', '', '', '', '', '', NULL),
(10341, 11, 10, 'PHOENIX PACKAGING MEXICO, SA  DE CV', 'PPM040930V27', '50-63-98-36', '', '', '', '', NULL),
(10342, 10, 10, 'ZEBRA BINDING SYSTEM,SA DE CV', 'ZBS0211125M5', '26-03-50-51', '', '', '', '', NULL),
(10343, 11, 10, 'COMERCIALIZADORA DE UNIFORMES EL GENERAL, SA ', 'CUG920602EHA', '55-66-15-10', '', '', '', '', NULL),
(10344, 11, 10, 'MARQUEZ RODRIGUEZ MARTIN ARNULFO', 'MARM6404105T9', '', '', '', '', '', NULL),
(10345, 11, 10, 'CREACIONES PLASTICAS BRELAZO, SA DE CV', 'CPB100223DD4', '57-19-10-93', '', '', '', '', NULL),
(10346, 11, 10, 'IMPRESIONES RESP, SA DE CV', 'IRE151130GS3', '', '', '', '', '', NULL),
(10347, 11, 10, 'EB IMPRESORES, SA DE CV', 'EIM7910047Y4', '53-41-31-71', '', '', '', '', NULL),
(10348, 11, 10, 'MENDIETA SANTIAGO  LORENZO', 'MESL430817CR5', '', '', '', '', '', NULL),
(10349, 11, 10, 'ALCANTARA RULL CARLOS', 'AARC8112094B0', '', '', '', '', '', NULL),
(10350, 11, 10, 'PROMATEC, SA DE CV', 'PRO950526519', '36-16-07-82', '', '', '', '', NULL),
(10351, 11, 10, 'LITOGRAFICA SELENE, SA DE CV', 'LSE950403EQ7', '25-95-09-40', '', '', '', '', NULL),
(10352, 11, 10, 'VILLAGRAN SANTACRUZ HECTOR FRANCISCO', 'VISH5903119F9', '', '', '', '', '', NULL),
(10353, 11, 10, 'VIVABOLSA, SA DE CV', 'VIV130712H23', '', '', '', '', '', NULL),
(10354, 11, 10, 'SOBRENET DE MEXICO, SA DE CV', 'SME050225DR9', '56-46-42-63', '', '', '', '', NULL),
(10355, 11, 10, 'TRANSFORMACION GRAFICA INDUSTRIAL, SA DE CV', 'TGI031030IB1', '36-22-11-90', '', '', '', '', NULL),
(10356, 11, 10, 'IMPULSORA DE NEGOCIOS SAZZ, SA DECV', 'INS150804124', '', '', '', '', '', NULL),
(10357, 11, 10, 'CONSTELACION 21, SA DE CV', 'CON1509012Z5', '', '044-55-54-98-72', '', '', '', NULL),
(10358, 11, 10, 'SUAREZ CASTAÑAREZ  GRACIELA', 'SUCG500413UP4', '', '', '', '', '', NULL),
(10359, 11, 10, 'KINNOVO MEDIOS, SA DE CV', 'KME111220P99', '36-26-29-54', '36-26-29-55', '', '', '', NULL),
(10360, 11, 10, 'MERLIN  PADRON ESPERANZA', 'MEPE700801GIA', '', '', '', '', '', NULL),
(10361, 11, 10, 'RAMIREZ CRUZ ISAIAS', 'RACI7008031F5', '', '', '', '', '', NULL);

-- --------------------------------------------------------

--
-- Estructura de tabla para la tabla `contactos`
--

CREATE TABLE IF NOT EXISTS `contactos` (
  `Id_contacto` int(11) NOT NULL AUTO_INCREMENT,
  `Id_cliente` int(11) NOT NULL,
  `Id_tipocontacto` varchar(50) COLLATE latin1_spanish_ci NOT NULL,
  `Id_estatus` int(10) NOT NULL,
  `Nombre` varchar(50) COLLATE latin1_spanish_ci NOT NULL,
  `Apellidos` varchar(50) COLLATE latin1_spanish_ci NOT NULL,
  `Puesto` varchar(30) COLLATE latin1_spanish_ci NOT NULL,
  `Telefono1` varchar(15) COLLATE latin1_spanish_ci NOT NULL,
  `Extension1` varchar(5) COLLATE latin1_spanish_ci NOT NULL,
  `Telefono2` varchar(15) COLLATE latin1_spanish_ci NOT NULL,
  `Extension2` varchar(5) COLLATE latin1_spanish_ci NOT NULL,
  `Celular` varchar(15) COLLATE latin1_spanish_ci NOT NULL,
  `Correo` varchar(50) COLLATE latin1_spanish_ci NOT NULL,
  `Fec_Nac` date NOT NULL,
  `Facebook` varchar(50) COLLATE latin1_spanish_ci NOT NULL,
  `Twitter` varchar(50) COLLATE latin1_spanish_ci NOT NULL,
  `Skype` varchar(50) COLLATE latin1_spanish_ci NOT NULL,
  PRIMARY KEY (`Id_contacto`),
  KEY `Id_contacto` (`Id_contacto`)
) ENGINE=InnoDB  DEFAULT CHARSET=latin1 COLLATE=latin1_spanish_ci AUTO_INCREMENT=2 ;

--
-- Volcado de datos para la tabla `contactos`
--

INSERT INTO `contactos` (`Id_contacto`, `Id_cliente`, `Id_tipocontacto`, `Id_estatus`, `Nombre`, `Apellidos`, `Puesto`, `Telefono1`, `Extension1`, `Telefono2`, `Extension2`, `Celular`, `Correo`, `Fec_Nac`, `Facebook`, `Twitter`, `Skype`) VALUES
(1, 1, '10', 10, 'ddwdwd', 'dwdwd2', 'wdwdw', 'wdwdw', 'wdwd', 'wdwd', 'wdwdw', 'wdwdw', 'o@d', '0000-00-00', 'dwdwdwdw', '', '');

-- --------------------------------------------------------

--
-- Estructura de tabla para la tabla `direcciones`
--

CREATE TABLE IF NOT EXISTS `direcciones` (
  `Id_direccion` int(11) NOT NULL AUTO_INCREMENT,
  `Id_cliente` int(11) NOT NULL,
  `Id_tipodireccion` int(11) NOT NULL,
  `Id_estatus` int(11) NOT NULL,
  `Calle` varchar(50) COLLATE latin1_spanish_ci NOT NULL,
  `Colonia` varchar(50) COLLATE latin1_spanish_ci NOT NULL,
  `Ciudad` varchar(30) COLLATE latin1_spanish_ci NOT NULL,
  `Municipio` varchar(30) COLLATE latin1_spanish_ci NOT NULL,
  `Estado` varchar(30) COLLATE latin1_spanish_ci NOT NULL,
  `CP` varchar(5) COLLATE latin1_spanish_ci NOT NULL,
  `Nota` varchar(100) COLLATE latin1_spanish_ci NOT NULL,
  PRIMARY KEY (`Id_direccion`)
) ENGINE=InnoDB  DEFAULT CHARSET=latin1 COLLATE=latin1_spanish_ci AUTO_INCREMENT=10362 ;

--
-- Volcado de datos para la tabla `direcciones`
--

INSERT INTO `direcciones` (`Id_direccion`, `Id_cliente`, `Id_tipodireccion`, `Id_estatus`, `Calle`, `Colonia`, `Ciudad`, `Municipio`, `Estado`, `CP`, `Nota`) VALUES
(10001, 10001, 12, 10, 'TLAHUAC 3467.', 'LOS REYES CULHUACAN', 'MEXICO', '', 'MEXICO', '09840', ''),
(10002, 10002, 12, 10, 'DEMOCRACIAS 61-A', 'SAN MIGUEL AMANTLA', 'MEXICO', '', 'MEXICO', '02700', ''),
(10003, 10003, 12, 10, 'MAIZ 53.', 'GRANJAS ESMERALDA', 'MEXICO', '', 'MEXICO', '09810', ''),
(10004, 10004, 12, 10, '4 DE DICIEMBRE DE 1860  35.', 'REYES DE REFORMA', 'MEXICO', '', 'MEXICO', '09310', ''),
(10005, 10005, 12, 10, 'ANTONO MANUEL RIVERA 13.', 'INDUSTRIAL TLALNEPANTLA', 'MEXICO', '', 'MEXICO', '54030', ''),
(10006, 10006, 12, 10, 'JOSE ALGARA CERVANTES 12.', 'PAULINO NAVARRO', 'MEXICO', '', 'MEXICO', '06870', ''),
(10007, 10007, 12, 10, 'SAN LORENZO 86-1', 'BOSQUES  RESIDENCIAL DEL SUR', 'MEXICO', '', 'MEXICO', '16010', ''),
(10008, 10008, 12, 10, 'DECORADO 287.', '20 DE NOVIEMBRE', 'MEXICO', '', 'MEXICO', '15300', ''),
(10009, 10009, 12, 10, 'AVENIDA DEL VERGEL 200.', 'PRESIDENTES DE MEXICO', 'MEXICO', '', 'MEXICO', '09740', ''),
(10010, 10010, 12, 10, 'VICENTE  GUERRERO 154.', 'DEL CARMEN', 'MEXICO', '', 'MEXICO', '04100', ''),
(10011, 10011, 12, 10, 'METEPEC 116,118,120.', 'AMPLIACION SAN ESTEBAN', 'MEXICO', '', 'MEXICO', '53550', ''),
(10012, 10012, 12, 10, 'EMILIANO ZAPATA 201-A.', 'SAN JERONIMO TEPETLACALCO', 'MEXICO', '', 'MEXICO', '54090', ''),
(10013, 10013, 12, 10, 'AV. REFINERIA AZCAPOTZALCO 214-A.', 'SANTA INES', 'MEXICO', '', 'MEXICO', '02140', ''),
(10014, 10014, 12, 10, 'GENERAL PEDRO NEGRETE 136', 'MARTIN CARRERA', 'MEXICO', '', 'MEXICO', '07070', ''),
(10015, 10015, 12, 10, 'AVENIDA 5 DE FEBRERO 324.', 'OBRERA', 'MEXICO', '', 'MEXICO', '06800', ''),
(10016, 10016, 12, 10, 'NUMERO 1 E 68.', 'SAN JOSE LA ESCALERA', 'MEXICO', '', 'MEXICO', '07630', ''),
(10017, 10017, 12, 10, ' CALZADA VALLEJO 1829.', 'SAN JOSE LA ESCALERA', 'MEXICO', '', 'MEXICO', '07630', ''),
(10018, 10018, 12, 10, 'AVENIDA MONTERREY 366-6.', 'ROMA SUR', 'MEXICO', '', 'MEXICO', '06760', ''),
(10019, 10019, 12, 10, 'DEMOCRACIAS 116.', 'SAN MIGUEL AMANTLA', 'MEXICO', '', 'MEXICO', '02700', ''),
(10020, 10020, 12, 10, '5 DE MAYO 33.', 'PROVIDENCIA', 'MEXICO', '', 'MEXICO', '02440', ''),
(10021, 10021, 12, 10, 'INDEPENDENCIA 1-DEPTO.301.', 'TIZAPAN SAN ANGEL', 'MEXICO', '', 'MEXICO', '01090', ''),
(10022, 10022, 12, 10, 'PEDRO GUZMAN 17-TORRE 13 INT.302.', 'LOMAS DE SAN LORENZO', 'MEXICO', '', 'MEXICO', '52975', ''),
(10023, 10023, 12, 10, 'CIUDAD UNIVERSITARIA 42. ', 'METROPOLITANA 2DA SECC', 'MEXICO', '', 'MEXICO', '57740', ''),
(10024, 10024, 12, 10, 'NORTE 176 423.', 'PENSADOR MEXICANO', 'MEXICO', '', 'MEXICO', '15510', ''),
(10025, 10025, 12, 10, 'PINO CONDOMINIO "A" CASA 3 B.', 'VILLAS DE TEOLOYUCAN', 'MEXICO', '', 'MEXICO', '54770', ''),
(10026, 10026, 12, 10, 'BLVD. LOS FUNDADORES 3751-5 Y 6.', 'VILLA DE LAS FLORES', 'MEXICO', 'SALTILLO', 'COAHUILA', '25290', ''),
(10027, 10027, 12, 10, 'CUAUHTEMOC 722.', 'NARVARTE', 'MEXICO', '', 'MEXICO', '03020', ''),
(10028, 10028, 12, 10, 'MITLA 691.', 'LETRAN VALLE', 'MEXICO', '', 'MEXICO', '03650', ''),
(10029, 10029, 12, 10, 'RAMON CORONA 43.', 'BARRIO DE SAN MIGUEL', 'MEXICO', '', 'MEXICO', '08650', ''),
(10030, 10030, 12, 10, 'MAIZ 350.', 'VALLE DEL SUR', 'MEXICO', '', 'MEXICO', '09819', ''),
(10031, 10031, 12, 10, 'AV. BOSQUES MZ. 160-LT.13.', 'BOSQUES DEL PEDREGAL', 'MEXICO', '', 'MEXICO', '14738', ''),
(10032, 10032, 12, 10, 'CALZADA VALLEJO 1180-D.', 'SANTA ROSA', 'MEXICO', '', 'MEXICO', '07620', ''),
(10033, 10033, 12, 10, 'LAGO DE CHALCO 11.', 'ANAHUAC', 'MEXICO', '', 'MEXICO', '11320', ''),
(10034, 10034, 12, 10, 'JUAN FERNANDEZ ALBARRAN 48.', 'SAN PABLO XALPA', 'MEXICO', '', 'MEXICO', '54090', ''),
(10035, 10035, 12, 10, 'AVENIDA TOLTECA 143.', 'SAN PEDRO DE LOS PINOS', 'MEXICO', '', 'MEXICO', '01180', ''),
(10036, 10036, 12, 10, 'VICTOR HUGO 13.', 'PORTALES ORIENTE', 'MEXICO', '', 'MEXICO', '03300', ''),
(10037, 10037, 12, 10, 'PINO 458.', 'SANTA MARIA INSURGENTES', 'MEXICO', '', 'MEXICO', '06430', ''),
(10038, 10038, 12, 10, 'MAR MEDITERRANEO 28.', 'TACUBA', 'MEXICO', '', 'MEXICO', '11410', ''),
(10039, 10039, 12, 10, 'AVENIDA INSURGENTES NORTE 514-LOCAL 12.', 'ATLAMPA', 'MEXICO', '', 'MEXICO', '06450', ''),
(10040, 10040, 12, 10, 'PROVIDENCIA 107.', 'LOS OLIVOS', 'MEXICO', '', 'MEXICO', '13220', ''),
(10041, 10041, 12, 10, 'PLAZUELA DE PLATEROS 101.', 'LOMAS DE LA HERRADURA', 'MEXICO', '', 'MEXICO', '52785', ''),
(10042, 10042, 12, 10, 'SAN JOSE DE LOS LEONES 9.', 'LAZARO CARDENAS', 'MEXICO', '', 'MEXICO', '53560', ''),
(10043, 10043, 12, 10, 'NORTE 29 36-A.', 'MOCTEZUMA 2DA SECCION', 'MEXICO', '', 'MEXICO', '15530', ''),
(10044, 10044, 12, 10, 'JUAN COUSIN 77.', 'ALFONSO XIII', 'MEXICO', '', 'MEXICO', '01460', ''),
(10045, 10045, 12, 10, 'JALAPA 68-202.', 'ROMA ', 'MEXICO', '', 'MEXICO', '06700', ''),
(10046, 10046, 12, 10, 'CIRCUITO AGUASCALIENTES SUR 118.', 'PARQUE IND.DEL VALLE', 'MEXICO', 'AGUASCALIENTES', 'AGUSCALIENTES', '20140', ''),
(10047, 10047, 12, 10, 'CALLE 10 No. 137', 'GRANJAS DE SAN ANTONIO', 'MEXICO', '', 'MEXICO', '09070', ''),
(10048, 10048, 12, 10, 'CARR. XOCHIMILCO SAN PABLO 3800', 'SAN  MATEO XALPA', 'MEXICO', 'XOCHITLA XOCHIMILCO', 'CIUDAD DE MEXICO', '16800', ''),
(10049, 10049, 12, 10, 'CERRADA NORTE 35 945.', 'INDUSTRIAL VALLEJO', 'MEXICO', '', 'MEXICO', '02300', ''),
(10050, 10050, 12, 10, 'MIGUEL BERNARD 5.', 'VISTA BELLA', 'MEXICO', '', 'MEXICO', '54050', ''),
(10051, 10051, 12, 10, 'TEPOCATL 79.', 'PEDREGAL DE STO.DOMINGO', 'MEXICO', '', 'MEXICO', '04369', ''),
(10052, 10052, 12, 10, 'VICUÑA 60.', 'R. ZACATENCO', 'MEXICO', '', 'MEXICO', '07360', ''),
(10053, 10053, 12, 10, 'ALBERTO SALINAS 162.', 'AVIACION CIVIL', 'MEXICO', '', 'MEXICO', '15740', ''),
(10054, 10054, 12, 10, 'MINATITLAN 15.', 'ELECTRA', 'MEXICO', '', 'MEXICO', '54060', ''),
(10055, 10055, 12, 10, 'LAGUNA DE TERMINOS 528.', 'ANAHUAC', 'MEXICO', '', 'MEXICO', '11320', ''),
(10056, 10056, 12, 10, 'JUAN A MATEOS 52-F.', 'OBRERA', 'MEXICO', '', 'MEXICO', '06800', ''),
(10057, 10057, 12, 10, 'CERRO DE SAN ANTONIO 221-A.', 'CAMPESTRE CHURUBUSCO', 'MEXICO', '', 'MEXICO', '04410', ''),
(10058, 10058, 12, 10, 'AV. ACUEDUCTO 728-A.', 'SAN PEDRO ZACATENCO', 'MEXICO', '', 'MEXICO', '07360', ''),
(10059, 10059, 12, 10, 'CALLE 23 45.', 'PRO-HOGAR', 'MEXICO', '', 'MEXICO', '02600', ''),
(10060, 10060, 12, 10, 'DE LA VICTORIA 4-A.', 'FRACC. IND.ALCE BLANCO', 'MEXICO', '', 'MEXICO', '53370', ''),
(10061, 10061, 12, 10, 'LEON TOLSTOI 29-PISO 20.', 'NUEVA ANZURES', 'MEXICO', '', 'MEXICO', '11590', ''),
(10062, 10062, 12, 10, 'NORTE 73 292.', 'JARDIN DE ASPEITIA', 'MEXICO', '', 'MEXICO', '02530', ''),
(10063, 10063, 12, 10, '1A. CERRADA DE ALBERTO SALINAS 34.', 'AMPLIACION AVIACION CIVIL', 'MEXICO', '', 'MEXICO', '15750', ''),
(10064, 10064, 12, 10, 'AV. MONTERREY 366-6.', 'ROMA SUR', 'MEXICO', '', 'MEXICO', '06760', ''),
(10065, 10065, 12, 10, 'CUITLAHUAC 2519.', 'SAN SALVADOR XOCHIMANCA', 'MEXICO', '', 'MEXICO', '02870', ''),
(10066, 10066, 12, 10, 'CALLE  AZTECAS 27.', 'SANTA CRUZ ACATLAN', 'MEXICO', 'NAUCALPAN  DE JUAREZ', 'MEXICO', '53150', ''),
(10067, 10067, 12, 10, 'AV. FERROCARRILES NACIONALES 683.', 'SAN RAFAEL', 'MEXICO', '', 'MEXICO', '02010', ''),
(10068, 10068, 12, 10, 'CALLE 8 No. 195', 'GRANJAS SAN ANTONIO', 'MEXICO', '', 'MEXICO', '09070', ''),
(10069, 10069, 12, 10, 'GABRIEL MANCERA 149-PISO 1.', 'DEL VALLE', 'MEXICO', '', 'MEXICO', '03100', ''),
(10070, 10070, 12, 10, 'AÑO DE JUAREZ 239.', 'GRANJAS DE SAN ANTONIO', 'MEXICO', '', 'MEXICO', '09070', ''),
(10071, 10071, 12, 10, 'GABRIEL MANCERA 149.', 'DEL VALLE', 'MEXICO', '', 'MEXICO', '03100', ''),
(10072, 10072, 12, 10, 'MARCELINO DAVALOS 30.', 'ALGARIN', 'MEXICO', '', 'MEXICO', '06880', ''),
(10073, 10073, 12, 10, 'AV TLAHUAC 4676.', 'EX.HDA. DE SAN NICOLAS TOLENTINO', 'MEXICO', '', 'MEXICO', '09850', ''),
(10074, 10074, 12, 10, 'CALLE TOLTECA 169.', 'SAN PEDRO DE LOS PINOS', 'MEXICO', '', 'MEXICO', '01180', ''),
(10075, 10075, 12, 10, 'FRANCISCO I MADERO 189.', 'PROVIDENCIA', 'MEXICO', '', 'MEXICO', '02440', ''),
(10076, 10076, 12, 10, 'BOULEVARD ADOLFO LOPEZ MATEOS 314.', 'TLACOPAC', 'MEXICO', '', 'MEXICO', '01049', ''),
(10077, 10077, 12, 10, 'SAN FRANCISCO CUAUTLALPAN 102-A.', 'SAN FRANCISCO CUAUTLALPAN', 'MEXICO', '', 'MEXICO', '53569', ''),
(10078, 10078, 12, 10, 'AV. ADOLFO LOPEZ MATEOS 8-BODEGA 9.', 'MEX.NVO.FRACC IND. EL PEDREGAL', 'MEXICO', '', 'MEXICO', '52968', ''),
(10079, 10079, 12, 10, 'AVENIDA MANUEL AVILA CAMACHO 69 16-D.', 'EL CHAMIZAL', 'MEXICO', '', 'MEXICO', '55270', ''),
(10080, 10080, 12, 10, 'LERDO 190.', 'GUERRERO', 'MEXICO', '', 'MEXICO', '06300', ''),
(10081, 10081, 12, 10, 'LUZ SAVIÑON 13.', 'DEL VALLE', 'MEXICO', '', 'MEXICO', '03100', ''),
(10082, 10082, 12, 10, 'LAGO DE CHALCO 77.', 'ANAHUAC', 'MEXICO', '', 'MEXICO', '11320', ''),
(10083, 10083, 12, 10, 'VIVEROS DE ASIS 303-2DO. PISO.', 'VIVERO DE LA LOMA', 'MEXICO', '', 'MEXICO', '54080', ''),
(10084, 10084, 12, 10, 'HENRY FORD 3.', 'INDS. SAN NICOLAS', 'MEXICO', '', 'MEXICO', '54030', ''),
(10085, 10085, 12, 10, 'PEDRO MARTINEZ RIVAS 731.', 'PARQUE IND. BELENES', 'MEXICO', 'ZAPOPAN', 'JALISCO', '45145', ''),
(10086, 10086, 12, 10, 'RINCONADA DE ABETOS 101.', 'RINCONADA SAN FELIPE', 'MEXICO', '', 'MEXICO', '55715', ''),
(10087, 10087, 12, 10, 'HERIBERTO FRIAS 1439-404.', 'DEL  VALLE', 'MEXICO', '', 'MEXICO', '03100', ''),
(10088, 10088, 12, 10, 'ANTONIO GARCIA CUBAS 114.', 'OBRERA', 'MEXICO', '', 'MEXICO', '06800', ''),
(10089, 10089, 12, 10, 'AV. VICENTE GUERRERO 1613.', 'SAN CRISTOBAL', 'CUERNAVACA', '', 'MORELOS', '62230', ''),
(10090, 10090, 12, 10, 'PLATON 414.', 'POLANCO', 'MEXICO', '', 'MEXICO', '11560', ''),
(10091, 10091, 12, 10, 'AV. CUITLAHUAC 16-301.', 'POLANCO', 'MEXICO', '', 'MEXICO', '02940', ''),
(10092, 10092, 12, 10, 'PIRUL 26.', 'JESUS GONZALEZ ORTEGA', 'MEXICO', 'PUEBLA ', 'PUEBLA', '72040', ''),
(10093, 10093, 12, 10, '1A. CERRADA DE RETOÑO 30.', 'EL RETOÑO', 'MEXICO', '', 'MEXICO', '09440', ''),
(10094, 10094, 12, 10, 'GUILLERMO BARROSO 2.', 'INDUSTRIAL LAS ARMAS', 'MEXICO', '', 'MEXICO', '54080', ''),
(10095, 10095, 12, 10, 'CALLE DAVID R. SCOTT 203.', 'PEDREGAL DE LAS AGUILAS', 'MEXICO', '', 'MEXICO', '14640', ''),
(10096, 10096, 12, 10, 'LEON AVICARIO 1181.', 'SANTA MA.AZTAHUACAN AMPLIACION', 'MEXICO', '', 'MEXICO', '09500', ''),
(10097, 10097, 12, 10, 'SALOMON GONZALEZ MAZ.15-LT.26.', 'ADOLFO LOPEZ MATEOS', 'MEXICO', '', 'MEXICO', '15670', ''),
(10098, 10098, 12, 10, '16 311-19-B Y 21.', 'SAN JOSE VERGEL', 'MEXICO', 'MERIDA', 'YUCATAN', '97173', ''),
(10099, 10099, 12, 10, 'AVENIDA DE HIERRO 18 Y 24.', 'EL CASTILLO', 'MEXICO', 'EL SALTO', 'JALISCO', '45680', ''),
(10100, 10100, 12, 10, 'AV. 16 DE SEPTIEMBRE 25.', 'IND.NAUCALPAN 3A. SECC', 'MEXICO', 'NAUCALPAN  DE JUAREZ', 'ESTADO DE MEXICO', '53370', ''),
(10101, 10101, 12, 10, 'PODER LEGISLATIVO 304.', 'PRADOS DE CUERNAVACA', 'CUERNAVACA', '', 'MORELOS', '62239', ''),
(10102, 10102, 12, 10, 'RAFAEL ANGEL DE LA PEÑA 64-A.', 'OBRERA', 'MEXICO', '', 'MEXICO', '06800', ''),
(10103, 10103, 12, 10, 'VENUSTIANO CARRANZA 34.', 'EMILIANO ZAPATA 1A SECC', 'MEXICO', '', 'MEXICO', '55200', ''),
(10104, 10104, 12, 10, 'PRIMAVERA 11.', 'VIVEROS DE XALOSTOC', 'MEXICO', 'ECATEPEC ', 'ESTADO DE MEXICO', '55340', ''),
(10105, 10105, 12, 10, 'ESCOBEDO 111-A.', 'LOS ELIZONDO', 'MEXICO', 'MONTERREY ', 'NUEVO LEON', '66050', ''),
(10106, 10106, 12, 10, 'MESONES 152-1-2-3-4.', 'CENTRO DE LA CIUDAD', 'MEXICO', '', 'MEXICO', '06090', ''),
(10107, 10107, 12, 10, 'GUADALUPE VICTORIA 114.', 'STA. MARIA AZTAHUACAN', 'MEXICO', '', 'MEXICO', '09570', ''),
(10108, 10108, 12, 10, 'ZONA INDUSTRIAL S/N.', 'ZONA INDUSTRIAL', 'CD. SAHAGUN', '', 'HIDALGO', '43998', ''),
(10109, 10109, 12, 10, 'LAGO DE CHAPALA 39.', 'ANAHUAC', 'MEXICO', '', 'MEXICO', '11320', ''),
(10110, 10110, 12, 10, 'VICENTE GUERRERO 58.', 'BARRIO SAN ANGEL', 'MEXICO', '', 'MEXICO', '09360', ''),
(10111, 10111, 12, 10, 'CALZADA SAN FRANCISCO CUAUTLALPAN 102-A P3.', 'SAN FRANCISCO CUAUTLALPAN', 'MEXICO', 'NAUCALPAN  DE JUAREZ', 'ESTADO DE MEXICO', '53569', ''),
(10112, 10112, 12, 10, 'CALLE MARIA 10-LOCAL 2.', 'NATIVITAS', 'MEXICO', '', 'MEXICO', '03500', ''),
(10113, 10113, 12, 10, 'CALLE  ZACATECAS 310.', 'RICARDO FLORES MAGON', 'MEXICO', 'CUERNAVACA', 'MORELOS', '62370', ''),
(10114, 10114, 12, 10, 'AV. SAN AGUSTIN 2.', 'REYES ACOZAC', 'MEXICO', 'TECAMAC', 'ESTADO DE MEXICO', '55755', ''),
(10115, 10115, 12, 10, 'CALLE HACIENDA DE COTE 83.', 'IMPULSORA', 'MEXICO', 'NEZAHUALCOYOTL', 'ESTADO DE MEXICO', '57130', ''),
(10116, 10116, 12, 10, 'CALLEJON ALCANFORES LOTE 4 MZ.225.', 'LOMAS  DE LA ERA', 'MEXICO', '', 'MEXICO', '01860', ''),
(10117, 10117, 12, 10, 'AV. RIO CONSULADO 2985.', 'PENSADOR MEXICANO', 'MEXICO', '', 'MEXICO', '15510', ''),
(10118, 10118, 12, 10, '2DA. PRIVADA DE SANTA TERESA MZ.194-LT.27.', 'CUAUTEPEC', 'MEXICO', '', 'MEXICO', '07200', ''),
(10119, 10119, 12, 10, 'NUEVO LEON 219-INT.B.', 'JACARANDAS', 'MEXICO', '', 'MEXICO', '54040', ''),
(10120, 10120, 12, 10, 'ANDADOR LUIS MARTINEZ 11.', 'ROMERO DE TERREROS', 'MEXICO', '', 'MEXICO', '04310', ''),
(10121, 10121, 12, 10, 'CLAVIJERO 292.', 'PAULINO NAVARRO', 'MEXICO', '', 'MEXICO', '06870', ''),
(10122, 10122, 12, 10, 'CALLE TENANCINGO 286.', 'LAS FUENTES', 'MEXICO', '', 'MEXICO', '57500', ''),
(10123, 10123, 12, 10, 'CARLOS HERRERA ORDOÑEZ 28.', 'PRIV.SPAUAH', 'MEXICO', 'PACHUCA', 'HIDALGO', '42080', ''),
(10124, 10124, 12, 10, 'BLVD. MANUEL AVILA CAMACHO 80-402.', 'LOMAS DE SOTELO', 'MEXICO', '', 'MEXICO', '53390', ''),
(10125, 10125, 12, 10, 'INSURGENTES 686 401.', 'DEL VALLE NORTE', 'MEXICO', '', 'MEXICO', '03103', ''),
(10126, 10126, 12, 10, 'CALLE GERANIOS 6.', 'SAN FRANCISCO CHILPAN', 'MEXICO', '', 'MEXICO', '54940', ''),
(10127, 10127, 12, 10, 'AV. SANCHEZ COLIN 84.', 'PROVIDENCIA', 'MEXICO', '', 'MEXICO', '02440', ''),
(10128, 10128, 12, 10, 'FRANCISCO DEL PASO Y TRONCOSO 556-8.', 'MAGDALENA MIXHUCA', 'MEXICO', '', 'MEXICO', '15850', ''),
(10129, 10129, 12, 10, 'SAN FRANCISCO 624-PISO 1.', 'DEL VALLE', 'MEXICO', '', 'MEXICO', '03100', ''),
(10130, 10130, 12, 10, 'ISLA MEZCALA MZ.918-LT.20.', 'JARDINES DE MORELOS', 'MEXICO', 'ECATEPEC ', 'ESTADO DE MEXICO', '55070', ''),
(10131, 10131, 12, 10, 'ISLA MEZCALA MZ.918-LT.20.', 'JARDINES DE MORELOS', 'MEXICO', 'ECATEPEC ', 'ESTADO DE MEXICO', '55070', ''),
(10132, 10132, 12, 10, 'ARACAZU 14.', 'SAN PEDRO ZACATENCO', 'MEXICO', '', 'MEXICO', '07360', ''),
(10133, 10133, 12, 10, 'FELIPE ANGELES 88.', 'LA PROVIDENCIA', 'MEXICO', '', 'MEXICO', '02440', ''),
(10134, 10134, 12, 10, 'NORTE 16 4909.', 'MAXIMINO AVILA CAMACHO', 'MEXICO', '', 'MEXICO', '07380', ''),
(10135, 10135, 12, 10, 'MICHAEL FARADAY 6.', 'FRACC. IND. CUAMATLA', 'MEXICO', '', 'MEXICO', '54730', ''),
(10136, 10136, 12, 10, 'AV. CEYLAN 959-INT. 9-10.', 'INDUSTRIAL VALLEJO', 'MEXICO', '', 'MEXICO', '02300', ''),
(10137, 10137, 12, 10, 'PUERTO SAN BLAS 160.', 'CASAS ALEMAN', 'MEXICO', '', 'MEXICO', '07580', ''),
(10138, 10138, 12, 10, 'HERIBERTO FRIAS 812.', 'DEL VALLE', 'MEXICO', '', 'MEXICO', '03100', ''),
(10139, 10139, 12, 10, 'GUADALUPE 34.', 'PANTITLAN', 'MEXICO', '', 'MEXICO', '08100', ''),
(10140, 10140, 12, 10, 'AV. JUAN  SALVADOR  AGRAZ 97-4 A.', 'LOMAS DE SANTA FE', 'MEXICO', '', 'MEXICO', '05300', ''),
(10141, 10141, 12, 10, 'LEON TOLSTOI 29.', 'NUEVA ANZURES', 'MEXICO', '', 'MEXICO', '11590', ''),
(10142, 10142, 12, 10, 'PUERTO TOPOLOBAMPO 164.', 'CASAS ALEMAN', 'MEXICO', '', 'MEXICO', '07580', ''),
(10143, 10143, 12, 10, 'MARCELINO DAVALOS 33.', 'ALGARIN', 'MEXICO', '', 'MEXICO', '06880', ''),
(10144, 10144, 12, 10, 'AV. CHAPULTEPEC 2642-B.', 'CHAPULTEPEC ORIENTE', 'MEXICO', 'MORELIA ', 'MICHOACAN', '58260', ''),
(10145, 10145, 12, 10, 'PLAZOLETA PACHUCA MZ. 27-L-10. ', 'FRACC. LAS PLAZAS', 'MEXICO', 'TIZAYUCA', 'HIDALGO', '43800', ''),
(10146, 10146, 12, 10, 'ISABEL LA CATOLICA 793.', 'ALAMOS', 'MEXICO', '', 'MEXICO', '03400', ''),
(10147, 10147, 12, 10, 'AV. ATLAMICA MZ.13-LOTE 12.', 'BELLAVISTA', 'MEXICO', '', 'MEXICO', '54710', ''),
(10148, 10148, 12, 10, 'FEBO 22 .', 'CREDITO CONSTRUCTOR', 'MEXICO', '', 'MEXICO', '03940', ''),
(10149, 10149, 12, 10, 'GENERAL ECHEGARAY 8.', 'DANIEL GARZA', 'MEXICO', '', 'MEXICO', '11830', ''),
(10150, 10150, 12, 10, 'LERDO 190.', 'GUERRERO', 'MEXICO', '', 'MEXICO', '06300', ''),
(10151, 10151, 12, 10, 'AV. MORELOS 33-A.', 'XOCOYAHUALCO', 'MEXICO', '', 'MEXICO', '54080', ''),
(10152, 10152, 12, 10, 'GOBERNADOR JOSE MORAN 139.', 'DANIEL GARZA', 'MEXICO', '', 'MEXICO', '11830', ''),
(10153, 10153, 12, 10, 'PINO 588-O.', 'ARENAL', 'MEXICO', '', 'MEXICO', '02980', ''),
(10154, 10154, 12, 10, 'ORIENTE 120-M.36 L.16-2.', 'CUCHILLA RAMOS MILLAN', 'MEXICO', '', 'MEXICO', '08030', ''),
(10155, 10155, 12, 10, 'LAGO YOJOA 134, ', '5 DE MAYO', 'MEXICO', '', 'MEXICO', '11470', ''),
(10156, 10156, 12, 10, 'TEXCOCO MZ 6 LT 32,.', 'VALLE SANTIAGO', 'MEXICO', '', 'MEXICO', '55138', ''),
(10157, 10157, 12, 10, 'SABADELL 222 Y 224-LOCAL 1.', 'SAN NICOLAS TOLENTINO', 'MEXICO', '', 'MEXICO', '09850', ''),
(10158, 10158, 12, 10, 'IGNACIO ALLENDE 13.', 'STA.MARIA  XALOSTOC', 'MEXICO', 'ECATEPEC ', 'ESTADO DE MEXICO', '55320', ''),
(10159, 10159, 12, 10, 'CALZADA DEL SOL 12.', 'FUENTES DE SATELITE', 'MEXICO', '', 'MEXICO', '52998', ''),
(10160, 10160, 12, 10, 'CTO. CIRCUNVALACION PTE. E-16-LOCAL H,  ZONA AZUL', 'CD. SATELITE', 'MEXICO', '', 'MEXICO', '53100', ''),
(10161, 10161, 12, 10, 'PONIENTE 128 437.', 'NUEVA VALLEJO', 'MEXICO', '', 'MEXICO', '07750', ''),
(10162, 10162, 12, 10, 'CALZ. AZCAPOTZALCO-LA VILLA 32.', 'DEL MAESTRO', 'MEXICO', '', 'MEXICO', '02040', ''),
(10163, 10163, 12, 10, 'AV. HIDALGO 141.', 'SANTA ANITA', 'MEXICO', '', 'MEXICO', '08300', ''),
(10164, 10164, 12, 10, '4 22,', 'FRACC.IND.ALCE BLANCO', 'MEXICO', '', 'MEXICO', '53370', ''),
(10165, 10165, 12, 10, '3 LOTE 14.', 'SAN  MATEO OTZACATIPAN', 'MEXICO', 'TOLUCA', 'ESTADO DE MEXICO', '50220', ''),
(10166, 10166, 12, 10, 'PRIVADA MAGNOLIAS 141.', 'BOSQUES DEL  CAMPESTRE', 'MEXICO', 'LEON', 'GUANAJUATO', '37125', ''),
(10167, 10167, 12, 10, 'CALLE 8 215-1.', 'GRANJAS DE SAN ANTONIO', 'MEXICO', '', 'MEXICO', '09070', ''),
(10168, 10168, 12, 10, 'SALVADOR DIAZ MIRON 65-C.', 'ZAPOTITLAN', 'MEXICO', '', 'MEXICO', '13209', ''),
(10169, 10169, 12, 10, 'AV. INDECO ZONA B-36-B., ', 'LOS REYES IXTACALA 1A SECC', 'MEXICO', '', 'MEXICO', '54090', ''),
(10170, 10170, 12, 10, 'CERRADA DE LA CRUZ 27.', 'BARRIO DE SANTA BARBARA', 'MEXICO', '', 'MEXICO', '09000', ''),
(10171, 10171, 12, 10, 'BELGICA 1012.', 'PORTALES ', 'MEXICO', '', 'MEXICO', '03300', ''),
(10172, 10172, 12, 10, 'GUIDO RENNI 56.', 'ALFONSO XIII', 'MEXICO', '', 'MEXICO', '01460', ''),
(10173, 10173, 12, 10, 'GUANABANA 88-1.', 'NUEVA SANTA MARIA', 'MEXICO', '', 'MEXICO', '02800', ''),
(10174, 10174, 12, 10, 'SANTIAGO AHUIZOTLA 4-D.', 'AHUIZOTLA', 'MEXICO', 'NAUCALPAN  DE JUAREZ', 'ESTADO DE MEXICO', '53378', ''),
(10175, 10175, 12, 10, 'MINAS PALACIO 42-6.', 'SN.ANTONIO ZOMEYUCAN', 'MEXICO', '', 'MEXICO', '53750', ''),
(10176, 10176, 12, 10, '5 DE FEBRERO 8 LOCAL D.', 'SANTA CLARA COATITLA', 'MEXICO', 'ECATEPEC ', 'ESTADO DE MEXICO', '55540', ''),
(10177, 10177, 12, 10, 'INDUSTRIALES 204.', 'JULIAN DE OBREGON', 'MEXICO', 'LEON', 'GUANAJUATO', '37290', ''),
(10178, 10178, 12, 10, 'FRAY ANTONIO DE PADUA 10.', 'AMPL.SN ANDRES ATENCO', 'MEXICO', '', 'MEXICO', '54040', ''),
(10179, 10179, 12, 10, 'SAN LUIS TLATILCO 8 B.', 'IND.NAUCALPAN 3A. SECC', 'MEXICO', '', 'MEXICO', '53560', ''),
(10180, 10180, 12, 10, 'AV. DR. GUSTAVO BAZ 117.', 'SN.JERONIMO TEPETLACALCO', 'MEXICO', '', 'MEXICO', '54090', ''),
(10181, 10181, 12, 10, 'SOL MZ 7 LOTE 15', 'ESTRELLA DE ORIENTE', 'MEXICO', '', 'MEXICO', '55320', ''),
(10182, 10182, 12, 10, 'CONVENTO DE APAZOYUCAN 11-B ZONA B.', 'LOS REYES IXTACALA ', 'MEXICO', '', 'MEXICO', '54090', ''),
(10183, 10183, 12, 10, 'PROLONGACION SANTA ANA 35.', 'PARQUE INDUSTRIAL', 'MEXICO', '', 'MEXICO', '52000', ''),
(10184, 10184, 12, 10, 'CALLE 6 164.', 'GRANJAS SAN ANTONIO', 'MEXICO', '', 'MEXICO', '09070', ''),
(10185, 10185, 12, 10, 'ORIENTE 152 97.', 'MOCTEZUMA 2DA SECCION', 'MEXICO', '', 'MEXICO', '15530', ''),
(10186, 10186, 12, 10, 'XOCHITL 17 S/N.', 'BOSQUES DE MOCTEZUMA', 'MEXICO', '', 'MEXICO', '53279', ''),
(10187, 10187, 12, 10, 'CRUZ DEL SUR 81.', 'PRADO CHURUBUSCO', 'MEXICO', '', 'MEXICO', '04230', ''),
(10188, 10188, 12, 10, 'CALLE LUZ Y  FUERZA 145.', 'LAS AGUILAS', 'MEXICO', '', 'MEXICO', '01710', ''),
(10189, 10189, 12, 10, 'CUITLAHUAC 13.', 'SAN BARTOLO TENAYUCA', 'MEXICO', '', 'MEXICO', '54150', ''),
(10190, 10190, 12, 10, 'LAGUNA DE TERMINOS 9.', 'ANAHUAC', 'MEXICO', '', 'MEXICO', '11320', ''),
(10191, 10191, 12, 10, 'PUNTA TULBAYAB 6, SM. 24.', 'SM  24', 'MEXICO', 'CANCUN', 'QUINTANA ROO', '77509', ''),
(10192, 10192, 12, 10, 'MUNICIPIO LIBRE 22 LOCAL B.', 'PORTALES ORIENTE', 'MEXICO', '', 'MEXICO', '03570', ''),
(10193, 10193, 12, 10, 'PONIENTE 116 243.', 'CAPULTITLAN', 'MEXICO', '', 'MEXICO', '07370', ''),
(10194, 10194, 12, 10, 'IGNACIO PEREZ 508.', 'SAN SEBASTIAN', 'MEXICO', 'TOLUCA', 'ESTADO DE MEXICO', '50150', ''),
(10195, 10195, 12, 10, 'IGNACIO ZARAGOZA 18-SIN NUMERO.', 'CRISTOBAL HIGUERA ', 'MEXICO', '', 'MEXICO', '52940', ''),
(10196, 10196, 12, 10, 'MOLLENDO 660-B.', 'LINDAVISTA', 'MEXICO', '', 'MEXICO', '07300', ''),
(10197, 10197, 12, 10, 'PONIENTE 140 671-ENTRADA G.', 'INDUSTRIAL VALLEJO', 'MEXICO', '', 'MEXICO', '02300', ''),
(10198, 10198, 12, 10, 'MIGUEL NEGRETE 83.', 'NIÑOS HEROES DE CHAPULTEPEC', 'MEXICO', '', 'MEXICO', '03440', ''),
(10199, 10199, 12, 10, 'SECCION 32 MZ.65-LTE.37.', 'RIO DE LA LUZ', 'MEXICO', '', 'MEXICO', '55100', ''),
(10200, 10200, 12, 10, 'JUAN A MATEOS 52-F.', 'OBRERA', 'MEXICO', '', 'MEXICO', '06800', ''),
(10201, 10201, 12, 10, 'ERNESTO MONROY 118-L-2.', 'PARQUE IND.EXPORTEC II', 'MEXICO', '', 'MEXICO', '50200', ''),
(10202, 10202, 12, 10, 'NUEVA 11.', 'FRACC.IND.ALCE BLANCO', 'MEXICO', 'NAUCALPAN  DE JUAREZ', 'ESTADO DE MEXICO', '53370', ''),
(10203, 10203, 12, 10, 'CLAUSTRO HERRADURA 3186-MZA. 19 LTE.14.', 'GEO VILLAS DE JESUS MARIA', 'MEXICO', '', 'MEXICO', '56530', ''),
(10204, 10204, 12, 10, 'PONIENTE 108 94-2.', 'DEFENSORES DE LA REPUBLICA', 'MEXICO', '', 'MEXICO', '07780', ''),
(10205, 10205, 12, 10, 'CERRADA DE VENUSTIANO CARRANZA 9.', 'SAN JUAN IXHUATEPEC.', 'MEXICO', 'TLALNEPANTLA DE BAZ', 'MEXICO', '54180', ''),
(10206, 10206, 12, 10, 'ANTONIO MAURA 26.', 'MODERNA', 'MEXICO', '', 'MEXICO', '03510', ''),
(10207, 10207, 12, 10, 'CENTRAL S/N.', 'CANTERA DE VILLAGRAN', 'MEXICO', 'HIDALGO', 'HIDALGO', '42890', ''),
(10208, 10208, 12, 10, 'WALDO MARTIN DEL CAMPO 46. ', 'MOCTEZUMA 1RA SECCION', 'MEXICO', '', 'MEXICO', '15500', ''),
(10209, 10209, 12, 10, 'REPUBLICA DE COLOMBIA 14-ALTOS-1A.', 'CENTRO DE LA CIUDAD', 'MEXICO', '', 'MEXICO', '06020', ''),
(10210, 10210, 12, 10, 'SUR 159 2315 --3.', 'RAMOS MILLAN SECC.BRAMADERO', 'MEXICO', '', 'MEXICO', '08000', ''),
(10211, 10211, 12, 10, 'SANTO  TOMAS 337.', 'SANTO TOMAS', 'MEXICO', '', 'MEXICO', '02020', ''),
(10212, 10212, 12, 10, 'GONZALEZ  GALLO 2984.', 'PARQUE IND. EL ALAMO', 'MEXICO', 'GUADALAJARA', 'JALISCO', '44490', ''),
(10213, 10213, 12, 10, '5 DE FEBRERO  3 S/N', 'XOCOYAHUALCO', 'MEXICO', '', 'MEXICO', '54080', ''),
(10214, 10214, 12, 10, 'CALLE DEL BRONCE  MZ. 2 LOTE 3.', '1 MINAS, SAN MARTIN', 'MEXICO', '', 'MEXICO', '53965', ''),
(10215, 10215, 12, 10, 'LATACUNGA 880-18 - 20.', 'LINDAVISTA', 'MEXICO', '', 'MEXICO', '07300', ''),
(10216, 10216, 12, 10, '5 DE FEBRERO 224-2.', 'OBRERA', 'MEXICO', '', 'MEXICO', '06800', ''),
(10217, 10217, 12, 10, 'YAXCABA MANZ 943-LOTE 9 A.', 'PEDREGAL DE SAN NICOLAS', 'MEXICO', '', 'MEXICO', '14100', ''),
(10218, 10218, 12, 10, 'ALVARO OBREGON 179.', 'ROMA NORTE', 'MEXICO', '', 'MEXICO', '06700', ''),
(10219, 10219, 12, 10, 'ORIENTE  115 4018.', 'GERTRUDIS SANCHEZ', 'MEXICO', '', 'MEXICO', '07830', ''),
(10220, 10220, 12, 10, 'ORIENTE 91-3314.', 'MARTINES DE RIO BLANCO', 'MEXICO', '', 'MEXICO', '07880', ''),
(10221, 10221, 12, 10, '1a. CERRADA DE RETOÑO 30.', 'EL RETOÑO', 'MEXICO', '', 'MEXICO', '09440', ''),
(10222, 10222, 12, 10, 'MANUEL  RODRIGUEZ DOMINGUEZ 307.', 'LA CEIBA', 'MEXICO', 'PARAISO', 'TABASCO', '86670', ''),
(10223, 10223, 12, 10, 'HOMERO 538-303.', 'POLANCO V SECCION', 'MEXICO', '', 'MEXICO', '11560', ''),
(10224, 10224, 12, 10, 'CERRADA CENTRAL 1.', 'MODELO', 'MEXICO', 'NAUCALPAN  DE JUAREZ', 'ESTADO DE MEXICO', '53330', ''),
(10225, 10225, 12, 10, 'CALZADA DE LA HACIENDA MZ.126-LT. 60.', 'HACIENDA DE OJO DE AGUA', 'MEXICO', 'TECAMAC', 'ESTADO DE MEXICO', '55770', ''),
(10226, 10226, 12, 10, 'MIGUEL ALLENDE 44B-3.', 'SANTIAGO TEPELCAPA', 'MEXICO', '', 'MEXICO', '54743', ''),
(10227, 10227, 12, 10, 'AV. TEJOCOTES S/N-Lt.3  Ed.5', 'SAN MARTIN OBISPO', 'MEXICO', 'TEPETLIXPA', 'ESTADO DE MEXICO', '54763', ''),
(10228, 10228, 12, 10, 'ISABEL LA  CATOLICA 6-C1.', 'NAUCALPAN CENTRO', 'MEXICO', 'NAUCALPAN  DE JUAREZ', 'ESTADO DE MEXICO', '53000', ''),
(10229, 10229, 12, 10, 'AZAFRAN 40 BIS.', 'GRANJAS ', 'MEXICO', '', 'MEXICO', '08400', ''),
(10230, 10230, 12, 10, 'BOLIVAR 386', 'OBRERA', 'MEXICO', '', 'MEXICO', '06800', ''),
(10231, 10231, 12, 10, 'CALLE 22 No. 455-B', 'ALDAMA', 'MEXICO', '', 'CDMX', '02910', ''),
(10232, 10232, 12, 10, 'FRANCISCO CABRERA 29.', 'GRANJAS CABRERA', 'MEXICO', '', 'MEXICO', '13230', ''),
(10233, 10233, 12, 10, 'MUITLE 93.', 'VICTORIA DE LAS DEMOCRACIAS', 'MEXICO', '', 'MEXICO', '02810', ''),
(10234, 10234, 12, 10, 'CANTERA MORADA 454-1 - A.', 'BALCONES DE LA CANTERA', 'MEXICO', 'GUADALAJARA', 'JALISCO', '45180', ''),
(10235, 10235, 12, 10, 'LEBRIJA 151.', 'CERRO DE LA ESTRELLA', 'MEXICO', '', 'MEXICO', '09860', ''),
(10236, 10236, 12, 10, 'ANTONIO  GARCIA  CUBAS 114.', 'OBRERA', 'MEXICO', '', 'MEXICO', '06800', ''),
(10237, 10237, 12, 10, 'MARIANO  ESCOBEDO 341-D. ', 'CENTRO IND. TLALNEPANTLA', 'MEXICO', 'TLALNEPANTLA DE BAZ', 'ESTADO DE MEXICO', '54040', ''),
(10238, 10238, 12, 10, 'PRIVADA  DE PRENSA  REVENTADA 5-C -1.', 'SAN JERONIMO LIDICE', 'MEXICO', '', 'MEXICO', '10200', ''),
(10239, 10239, 12, 10, 'HIDALGO 290.', 'LAS FUENTES', 'MEXICO', '', 'MEXICO', '57600', ''),
(10240, 10240, 12, 10, 'AVENA 102.', 'GRANJAS ESMERALDA', 'MEXICO', '', 'MEXICO', '09810', ''),
(10241, 10241, 12, 10, 'ESCUELA 2- B.', 'ESTRELLA ', 'MEXICO', '', 'MEXICO', '07810', ''),
(10242, 10242, 12, 10, 'CHOPO 524, ARENAL.', 'ARENAL', 'MEXICO', '', 'MEXICO', '02980', ''),
(10243, 10243, 12, 10, 'CARRETERA VIEJA SAN MATEO IZTLAHUACA 24.', 'EL TALAYO', 'MEXICO', '', 'MEXICO', '53210', ''),
(10244, 10244, 12, 10, 'JOSE T. CUELLAR 106-1.', 'OBRERA', 'MEXICO', '', 'MEXICO', '06800', ''),
(10245, 10245, 12, 10, 'PONIENTE 126-288 -A.', 'NUEVA VALLEJO', 'MEXICO', '', 'MEXICO', '07750', ''),
(10246, 10246, 12, 10, 'AMSTERDAM 55-401', 'HIPODROMO CONDESA', 'MEXICO', '', 'MEXICO', '06170', ''),
(10247, 10247, 12, 10, 'PINO 343-3.', 'ATLAMPA', 'MEXICO', '', 'MEXICO', '06450', ''),
(10248, 10248, 12, 10, 'BRASILIA 34.', 'SAN PEDRO ZACATENCO', 'MEXICO', '', 'MEXICO', '07360', ''),
(10249, 10249, 12, 10, 'SATURNO 26.', 'OLIMPIADA 68', 'MEXICO', 'NAUCALPAN  DE JUAREZ', 'ESTADO DE MEXICO', '53690', ''),
(10250, 10250, 12, 10, 'FRAY JUAN DE TORQUEMADA 88.', 'OBRERA', 'MEXICO', '', 'MEXICO', '06800', ''),
(10251, 10251, 12, 10, 'SUCRE 5.', 'MODERNA', 'MEXICO', '', 'MEXICO', '03510', ''),
(10252, 10252, 12, 10, '2 DE ABRIL 6', 'VISTA HERMOSA', 'MEXICO', '', 'MEXICO', '54414', ''),
(10253, 10253, 12, 10, 'AV. PASEO DE LA REFORMA 476.', 'JUAREZ', 'MEXICO', '', 'MEXICO', '06600', ''),
(10254, 10254, 12, 10, 'MAR MEDITERRANEO 129.', 'POPOTLA', 'MEXICO', '', 'MEXICO', '11400', ''),
(10255, 10255, 12, 10, 'AV. TLAHUAC 27.', 'SANTA ISABEL INDUSTRIAL', 'MEXICO', '', 'MEXICO', '09820', ''),
(10256, 10256, 12, 10, 'TORRE LATINO AMERICANA 323.', 'EVOLUCION ', 'MEXICO', '', 'MEXICO', '57700', ''),
(10257, 10257, 12, 10, 'CARLOTA 112.', 'GUADALUPE TEPEYAC', 'MEXICO', '', 'MEXICO', '07840', ''),
(10258, 10258, 12, 10, 'PENNSYLVANIA 15-EDIF4 -302.', 'NAPOLES ', 'MEXICO', '', 'MEXICO', '03810', ''),
(10259, 10259, 12, 10, 'AMAPOLA 364', 'SAN CARLOS', 'MEXICO', 'GUADALAJARA', 'JALISCO', '44460', ''),
(10260, 10260, 12, 10, 'FRAY SERVANDO TERESA DE MIER 722-EDIF. C INT. 1.', 'JARDIN BALBUENA', 'MEXICO', '', 'MEXICO', '15900', ''),
(10261, 10261, 12, 10, 'SUR 145 # 2313.', 'GABRIEL RAMOS MILLAN', 'MEXICO', '', 'MEXICO', '08000', ''),
(10262, 10262, 12, 10, 'LAGO TANA 123-A.', 'SAN DIEGO OCOYOACAC', 'MEXICO', '', 'MEXICO', '11290', ''),
(10263, 10263, 12, 10, '11 DE SEPTIEMBRE  MZ.12 LOTE 7 S/N.', '19 DE SEPTIEMBRE', 'MEXICO', '', 'MEXICO', '55070', ''),
(10264, 10264, 12, 10, 'NORTE 29 36-- A.', 'MOCTEZUMA 2DA SECCION', 'MEXICO', '', 'MEXICO', '15530', ''),
(10265, 10265, 12, 10, 'ARTILLEROS DE 1847 207.', 'CHAPULTEPEC SUR', 'MEXICO', 'MORELIA ', 'MICHOACAN', '58260', ''),
(10266, 10266, 12, 10, 'IZTACCIHUATL 227.', 'ADOLFO RUIZ CORTINES', 'MEXICO', '', 'MEXICO', '04630', ''),
(10267, 10267, 12, 10, 'MEDELLIN 104-301.', 'ROMA SUR', 'MEXICO', '', 'MEXICO', '06700', ''),
(10268, 10268, 12, 10, 'JUAN  HERNANDEZ Y DAVALOS 43 - A.', 'ALGARIN', 'MEXICO', '', 'MEXICO', '06880', ''),
(10269, 10269, 12, 10, 'AVENIDA MANUEL AVILA CAMACHO 69-16 D.', 'EL CHAMIZAL', 'MEXICO', '', 'MEXICO', '55270', ''),
(10270, 10270, 12, 10, 'CDA. DR. NEVA 96.', 'DOCTORES', 'MEXICO', '', 'MEXICO', '06720', ''),
(10271, 10271, 12, 10, 'PASCUAL OROZCO 53.', 'SAN MIGUEL.', 'MEXICO', '', 'MEXICO', '08650', ''),
(10272, 10272, 12, 10, '2 A 3-B.', 'SAN PABLO XALPA', 'MEXICO', '', 'MEXICO', '54090', ''),
(10273, 10273, 12, 10, 'SANTIAGO AHUIZOTLA 4-BOD. E.', 'AHUIZOTLA', 'MEXICO', '', 'MEXICO', '53378', ''),
(10274, 10274, 12, 10, 'ARTEAGA 26.', 'GUERRERO', 'MEXICO', '', 'MEXICO', '06300', ''),
(10275, 10275, 12, 10, 'NORTE 35-697.', 'INDUSTRIAL VALLEJO', 'MEXICO', '', 'MEXICO', '02300', ''),
(10276, 10276, 12, 10, 'NORTE 1 - J 4519.', 'DEFENSORES DE LA REPUBLICA', 'MEXICO', '', 'MEXICO', '07780', ''),
(10277, 10277, 12, 10, 'CALLE MONTE ELBRUZ 132 PISO 6-604.', 'LOMAS DE CHAPULTEPEC', 'MEXICO', '', 'MEXICO', '11000', ''),
(10278, 10278, 12, 10, 'DEBUSSY 202.', 'GUADALUPE VICTORIA', 'MEXICO', '', 'MEXICO', '07790', ''),
(10279, 10279, 12, 10, 'PONIENTE  152 738-C.', 'INDUSTRIAL VALLEJO', 'MEXICO', '', 'MEXICO', '02300', ''),
(10280, 10280, 12, 10, 'CALLE MORELOS 555 - A-INT. UNO.', 'EL VERGEL', 'MEXICO', '', 'MEXICO', '09880', ''),
(10281, 10281, 12, 10, 'MIGUEL HIDALGO 4-A.', 'LOS REYES IXTACALA', 'MEXICO', '', 'MEXICO', '54090', ''),
(10282, 10282, 12, 10, 'LAGO  ATITLAN 36.', 'PENCIL NORTE', 'MEXICO', '', 'MEXICO', '11430', ''),
(10283, 10283, 12, 10, 'TRIGO 122.', 'GRANJAS  ESMERALDA', 'MEXICO', '', 'MEXICO', '09810', ''),
(10284, 10284, 12, 10, 'VALLE DE BRAVO 28.', 'LA LOMA', 'MEXICO', 'TLALNEPANTLA DE BAZ', 'ESTADO DE MEXICO', '54070', ''),
(10285, 10285, 12, 10, 'FRANCISCO  I. MADERO ORIENTE 6500-B - 308.', 'CD.INDUSTRIAL AMPLIACION SUR', 'MEXICO', 'MORELIA ', 'MICHOACAN', '58200', ''),
(10286, 10286, 12, 10, 'NORTE  45 N°649.', 'INDUSTRIAL VALLEJO', 'MEXICO', '', 'MEXICO', '02300', ''),
(10287, 10287, 12, 10, 'CALLE 28 No.24', 'OLIVAR DEL CONDE 2DA SECCION', 'MEXICO', '', 'MEXICO', '01400', ''),
(10288, 10288, 12, 10, 'NABOR CARRILLO 187-3.', 'OLIVAR DE LOS PADRES', 'MEXICO', '', 'MEXICO', '01780', ''),
(10289, 10289, 12, 10, 'MANUEL NICOLAS CORPANCHO 241. ', 'MERCED BALBUENA', 'MEXICO', '', 'MEXICO', '15810', ''),
(10290, 10290, 12, 10, 'HERREROS 14.', 'PARQUE IND. XHALA', 'MEXICO', '', 'MEXICO', '54714', ''),
(10291, 10291, 12, 10, 'SAN ISIDRO 16.', 'LOMAS DE SN LORENZO TEZONCO', 'MEXICO', '', 'MEXICO', '09780', ''),
(10292, 10292, 12, 10, 'PARIS 1900 12- 101.', 'OLIMPICA', 'MEXICO', '', 'MEXICO', '04710', ''),
(10293, 10293, 12, 10, 'TEXCOCO 1225.', 'ELECTRICISTAS', 'MEXICO', 'TOLUCA', 'ESTADO DE MEXICO', '50040', ''),
(10294, 10294, 12, 10, 'MERCURIO 14.', 'EL MIRADOR', 'MEXICO', '', 'MEXICO', '09800', ''),
(10295, 10295, 12, 10, 'AZAFRAN 569.', 'GRANJAS MEXICO', 'MEXICO', '', 'MEXICO', '08400', ''),
(10296, 10296, 12, 10, 'COLINA DE JADES  34.', 'BOULEVARES', 'MEXICO', '', 'MEXICO', '53140', ''),
(10297, 10297, 12, 10, 'ALFREDO CHAVERO 79.', 'OBRERA', 'MEXICO', '', 'MEXICO', '06800', ''),
(10298, 10298, 12, 10, 'BOSQUE DE DURAZNO 61-PISO 3.', 'BOSQUES DE LAS LOMAS', 'MEXICO', '', 'MEXICO', '11700', ''),
(10299, 10299, 12, 10, 'CARAVAGIO 30.', 'MIXCOAC', 'MEXICO', '', 'MEXICO', '03910', ''),
(10300, 10300, 12, 10, 'LA POLAR 25-PB.', 'INDUSTRIAL', 'MEXICO', '', 'MEXICO', '07800', ''),
(10301, 10301, 12, 10, 'MIGUEL  ALEMAN S/N.', 'EL ARENAL', 'MEXICO', 'VERACRUZ', 'VERACRUZ', '95740', ''),
(10302, 10302, 12, 10, 'LIBRAMIENTO INDEPENDENCIA 36.', 'BOMINTZHA DE LAS FLORES', 'MEXICO', 'HIDALGO', 'HIDALGO', '42832', ''),
(10303, 10303, 12, 10, 'FISCALES 43.', 'SIFON', 'MEXICO', '', 'MEXICO', '09400', ''),
(10304, 10304, 12, 10, 'AV. GAVILAN 151-BODEGA 3A.', 'GUADALUPE DEL MORAL', 'MEXICO', '', 'MEXICO', '09300', ''),
(10305, 10305, 12, 10, 'SUR 86 MZ. 132-LT. 30.', 'NVO.PASEO DE SN AGUSTIN', 'MEXICO', '', 'MEXICO', '55130', ''),
(10306, 10306, 12, 10, 'CALLE  12 6.', 'SAN PEDRO DE LOS PINOS', 'MEXICO', '', 'MEXICO', '03800', ''),
(10307, 10307, 12, 10, 'PROLONGACION  REFORMA 1235. ', 'SANTA FE CUAJIMALPA', 'MEXICO', '', 'MEXICO', '05348', ''),
(10308, 10308, 12, 10, 'GUILLERMO GONZALEZ CAMARENA  1600 EDF.4 A-88.', 'CENTRO DE CD.SANTA FE', 'MEXICO', '', 'MEXICO', '01210', ''),
(10309, 10309, 12, 10, 'AXOYES 35.', 'P.DE SANTA URSULA XITLA', 'MEXICO', '', 'MEXICO', '14438', ''),
(10310, 10310, 12, 10, 'LAGO  ZIRAHUEN 242.', 'ANAHUAC 1A SECCION', 'MEXICO', '', 'MEXICO', '11320', ''),
(10311, 10311, 12, 10, 'BARRANCA HONDA 24-A.', 'SAN MARTIN OBISPO', 'MEXICO', '', 'MEXICO', '54769', ''),
(10312, 10312, 12, 10, 'CALLE TORRE  AGUASCALIENTES MZ.12-LT28.  ', 'STA.MA.GPE LAS TORRES 1A SECC', 'MEXICO', '', 'MEXICO', '54760', ''),
(10313, 10313, 12, 10, 'NORTE   3 4521-A.', 'DEFENSORES DE LA REPUBLICA', 'MEXICO', '', 'MEXICO', '07780', ''),
(10314, 10314, 12, 10, 'NORTE 3 4521-A.', 'DEFENSORES DE LA REPUBLICA', 'MEXICO', '', 'MEXICO', '07780', ''),
(10315, 10315, 12, 10, 'MOCTEZUMA # 12 FRACC. B-1.', 'TENAYO', 'MEXICO', '', 'MEXICO', '54140', ''),
(10316, 10316, 12, 10, 'AV. TECNOLOGICO 118-501.', 'SAN ANGEL', 'MEXICO', 'QUERETARO', 'QUERETARO', '76030', ''),
(10317, 10317, 12, 10, 'NORTE 5 MZ. 1427-LT.18.', 'MA.ISABEL VALLE DE CHALCO', 'MEXICO', '', 'MEXICO', '56615', ''),
(10318, 10318, 12, 10, 'MIRADOR # 8-LOC. A.', 'EL MIRADOR COAPA', 'MEXICO', '', 'MEXICO', '04950', ''),
(10319, 10319, 12, 10, 'BOGOTA #650-203.', 'LINDAVISTA SUR', 'MEXICO', '', 'MEXICO', '07300', ''),
(10320, 10320, 12, 10, 'HACIENDA DE TOTOAPAN 55.', 'PRADO COAPA', 'MEXICO', '', 'MEXICO', '14350', ''),
(10321, 10321, 12, 10, 'CERRADA  DE GANADEROS # 13.', 'VALLE DEL SUR', 'MEXICO', '', 'MEXICO', '09819', ''),
(10322, 10322, 12, 10, 'PASEO DE FRANCIA NO. 79. ', '39 SECC.LOMAS VERDES', 'MEXICO', 'NAUCALPAN  DE JUAREZ', 'ESTADO DE MEXICO', '53125', ''),
(10323, 10323, 12, 10, 'AV. RIO CONSULADO 2985.', 'PENSADOR MEXICANO', 'MEXICO', '', 'MEXICO', '15510', ''),
(10324, 10324, 12, 10, 'PRIVADA DE HIDALGO NO. 6.', 'SANTIAGO MILTEPEC', 'MEXICO', 'TOLUCA', 'ESTADO DE MEXICO', '50020', ''),
(10325, 10325, 12, 10, 'CIRCUITO CERRADA  CARLOS ARRUZA 5.', 'CAMPESTRE AMAZCALA', 'MEXICO', 'QUERETARO', 'QUERETARO', '76265', ''),
(10326, 10326, 12, 10, 'AV. INDECO  ZONA  B  27 A.', 'LOS REYES IXTACALA', 'MEXICO', '', 'MEXICO', '54090', ''),
(10327, 10327, 12, 10, 'LEONA  VICARIO  LOTE 3  MZ. 83.', 'STA.MARIA AZTAHUACAN', 'MEXICO', '', 'MEXICO', '09500', ''),
(10328, 10328, 12, 10, 'WAGNER 321.', 'VALLEJO', 'MEXICO', '', 'MEXICO', '07870', ''),
(10329, 10329, 12, 10, 'INSURGENTES  NORTE  1090 BOD. 9.', 'TLACAMACA', 'MEXICO', '', 'MEXICO', '07380', ''),
(10330, 10330, 12, 10, 'AV. GPE. VICTORIA 3341.', 'CENTRO', 'MEXICO', 'VERACRUZ', 'VERACRUZ', '', ''),
(10331, 10331, 12, 10, 'CALLE  MAYAS 10-INT. 2,.', 'SANTA CRUZ ACATLAN', 'MEXICO', 'NAUCALPAN  DE JUAREZ', 'ESTADO DE MEXICO', '53150', ''),
(10332, 10332, 12, 10, 'RETORNO JORGE RAMIREZ MZ. 9 LT 17.', 'FRACC.4 PANTITLAN', 'MEXICO', '', 'MEXICO', '08100', ''),
(10333, 10333, 12, 10, 'SAN LORENZO # 209.', 'DEL VALLE', 'MEXICO', '', 'MEXICO', '03100', ''),
(10334, 10334, 12, 10, 'AV. ESTRELLA  193 15-002.', 'ESTRELLA DEL SUR', 'MEXICO', '', 'MEXICO', '09820', ''),
(10335, 10335, 12, 10, 'VICOALCOATE 14.', 'PEDREGAL DE STO.DOMINGO', 'MEXICO', '', 'MEXICO', '04369', ''),
(10336, 10336, 12, 10, '31 DE JULIO DE 1859 MZ. 102-LT.1090. ', 'LEYES DE REFORMA', 'MEXICO', '', 'MEXICO', '09310', ''),
(10337, 10337, 12, 10, 'AVENIDA  AGAVE 213.', 'SANTA CLARA ', 'MEXICO', 'SANTIAGO MIAHUATLAN', 'PUEBLA', '75820', ''),
(10338, 10338, 12, 10, 'AV. SONORA 166-1er  Piso.', 'HIPODROMO DE LA CONDESA', 'MEXICO', '', 'MEXICO', '06170', ''),
(10339, 10339, 12, 10, 'LAURELES MZ. 2-LT 19.', 'SAN JUAN XALPA', 'MEXICO', '', 'MEXICO', '09850', ''),
(10340, 10340, 12, 10, 'CARR. NAUCALPAN-IXTLAHUACAN KM. 64 24.', 'BARRIO DE LA ROSA', 'MEXICO', '', 'MEXICO', '53216', ''),
(10341, 10341, 12, 10, 'AUTOPISTA  MEXICO QUERETARO KM.39.3', 'PARQUE INDUSTRIAL LA LUZ', 'MEXICO', '', 'MEXICO', '54716', ''),
(10342, 10342, 12, 10, 'AV.  RIO  DE GUADALUPE 261-LOCAL 1.', 'SAN JUAN DE ARAGON', 'MEXICO', '', 'MEXICO', '07950', ''),
(10343, 10343, 12, 10, 'QUETZALCOATL 1-PISO 1.', 'TLAXPANA', 'MEXICO', '', 'MEXICO', '11370', ''),
(10344, 10344, 12, 10, 'CLUB PACHUCA 22.', 'VILLA LAZARO CARDENAS', 'MEXICO', '', 'MEXICO', '14370', ''),
(10345, 10345, 12, 10, 'PONIENTE  128 787.', 'INDUSTRIAL VALLEJO', 'MEXICO', '', 'MEXICO', '02300', ''),
(10346, 10346, 12, 10, 'VIADUCTO RIO  BECERRA 126-201.', 'NAPOLES ', 'MEXICO', '', 'MEXICO', '03810', ''),
(10347, 10347, 12, 10, 'PONIENTE  134 559-1.', 'INDUSTRIAL VALLEJO', 'MEXICO', '', 'MEXICO', '02300', ''),
(10348, 10348, 12, 10, 'LAGO TANA 101.', 'HUICHAPAN', 'MEXICO', '', 'MEXICO', '11290', ''),
(10349, 10349, 12, 10, 'GUERRERO 338 ENT. A-DEPT 102.', 'NONOALCO, TLATELOLCO', 'MEXICO', '', 'MEXICO', '06900', ''),
(10350, 10350, 12, 10, 'JOSE  MA.  FACHA MZ. 22  LT. 8.', 'SANTA MARTHA ACATITLA', 'MEXICO', '', 'MEXICO', '09510', ''),
(10351, 10351, 12, 10, 'CALZADA EMILIO CARRANZA 371 B.', 'SAN  ANDRES TETEPILCO', 'MEXICO', 'MEXICO', 'MEXICO', '09440', ''),
(10352, 10352, 12, 10, 'PUERTO SAN  BLAS 144-INT 1.', 'AMPLIACION CASAS ALEMAN', 'MEXICO', '', 'MEXICO', '07580', ''),
(10353, 10353, 12, 10, 'PONIENTE 116 576-BOD. E.', 'INDUSTRAIL VALLEJO', 'MEXICO', '', 'MEXICO', '02300', ''),
(10354, 10354, 12, 10, 'CALLE 8 122.', 'GRANJAS SAN ANTONIO', 'MEXICO', '', 'MEXICO', '09070', ''),
(10355, 10355, 12, 10, 'BOULEVARD LOMAS DE LA HACIENDA MZ.Z - C LOTE 4-10-', 'FRACC.VIL', 'MEXICO', '', 'MEXICO', '52929', ''),
(10356, 10356, 12, 10, 'AVENIDA  INSURGENTES  SUR 1722-1003.', 'FLORIDA', 'MEXICO', '', 'MEXICO', '01030', ''),
(10357, 10357, 12, 10, 'COREA 49.', 'ROMERO RUBIO', 'MEXICO', '', 'MEXICO', '15400', ''),
(10358, 10358, 12, 10, 'MIGUEL ALONSO  ROMERO A 17', '', 'MEXICO', '', 'MEXICO', '09216', ''),
(10359, 10359, 12, 10, 'SUR  103 -A  731-301.', 'SECTOR POPULAR', 'MEXICO', '', 'MEXICO', '09060', ''),
(10360, 10360, 12, 10, 'RAFAEL LOPEZ DE RAYON 105 BIS-301.', 'VISTA ALEGRE 1A SECC', 'MEXICO', 'QUERETARO', 'QUERETARO', '76090', ''),
(10361, 10361, 12, 10, 'ESCOLLO MZ.15-LT. 18', 'AMPL. LAS AGUILAS', 'MEXICO', '', 'MEXICO', '01710', '');

-- --------------------------------------------------------

--
-- Estructura de tabla para la tabla `maquinas_clientes`
--

CREATE TABLE IF NOT EXISTS `maquinas_clientes` (
  `Id_MaquinaC` int(11) NOT NULL AUTO_INCREMENT,
  `Id_Cliente` int(11) NOT NULL,
  `Descripcion` int(11) NOT NULL,
  `PerfEnPegue` varchar(2) COLLATE latin1_spanish_ci DEFAULT NULL,
  `DescPerfEnPegue` varchar(15) COLLATE latin1_spanish_ci DEFAULT NULL,
  `Rama` varchar(2) COLLATE latin1_spanish_ci DEFAULT NULL,
  `MedidaRama` varchar(10) COLLATE latin1_spanish_ci DEFAULT NULL,
  `Pinza` varchar(2) COLLATE latin1_spanish_ci DEFAULT NULL,
  `Id_estatus` int(11) DEFAULT NULL,
  `MedidaPinza` varchar(10) COLLATE latin1_spanish_ci DEFAULT NULL,
  `Perforaciones` varchar(2) COLLATE latin1_spanish_ci DEFAULT NULL,
  `Centerline` varchar(2) COLLATE latin1_spanish_ci DEFAULT NULL,
  `MedidaCenterline` varchar(10) COLLATE latin1_spanish_ci DEFAULT NULL,
  `Desbarbe` varchar(2) COLLATE latin1_spanish_ci DEFAULT NULL,
  `Compensacion` varchar(2) COLLATE latin1_spanish_ci DEFAULT NULL,
  `NumPiezasCompensacion` int(11) DEFAULT NULL,
  PRIMARY KEY (`Id_MaquinaC`)
) ENGINE=InnoDB DEFAULT CHARSET=latin1 COLLATE=latin1_spanish_ci AUTO_INCREMENT=1 ;

-- --------------------------------------------------------

--
-- Estructura de tabla para la tabla `permisos_tipousuario`
--

CREATE TABLE IF NOT EXISTS `permisos_tipousuario` (
  `Id_tipousuario` int(11) NOT NULL AUTO_INCREMENT,
  `Nombre_perfil` varchar(20) COLLATE latin1_spanish_ci NOT NULL,
  `mnuCatalogos` bit(1) DEFAULT NULL,
  `mnuCatalogoClientes` bit(1) DEFAULT NULL,
  `frmClientes_A` bit(1) DEFAULT NULL,
  `frmClientes_B` bit(1) DEFAULT NULL,
  `frmClientes_C` bit(1) DEFAULT NULL,
  `mnuCatalogoContactos` bit(1) DEFAULT NULL,
  `frmContactos_A` bit(1) DEFAULT NULL,
  `frmContactos_B` bit(1) DEFAULT NULL,
  `frmContactos_C` bit(1) DEFAULT NULL,
  `mnuCatalogoDirecciones` bit(1) DEFAULT NULL,
  `frmDirecciones_A` bit(1) DEFAULT NULL,
  `frmDirecciones_B` bit(1) DEFAULT NULL,
  `frmDirecciones_C` bit(1) DEFAULT NULL,
  `mnuCatalogoMaquinasCliente` bit(1) DEFAULT NULL,
  `frmMaquinasCliente_A` bit(1) DEFAULT NULL,
  `frmMaquinasCliente_B` bit(1) DEFAULT NULL,
  `frmMaquinasCliente_C` bit(1) DEFAULT NULL,
  `mnuCatalogoProcesos` bit(1) DEFAULT NULL,
  `frmProcesos_A` bit(1) DEFAULT NULL,
  `frmProcesos_B` bit(1) DEFAULT NULL,
  `frmProcesos_C` bit(1) DEFAULT NULL,
  `mnuCatalogoArticulos` bit(1) DEFAULT NULL,
  `frmArticulos_A` bit(1) DEFAULT NULL,
  `frmArticulos_B` bit(1) DEFAULT NULL,
  `frmArticulos_C` bit(1) DEFAULT NULL,
  `mnuCatalogoUsuarios` bit(1) DEFAULT NULL,
  `frmUsuarios_A` bit(1) DEFAULT NULL,
  `frmUsuarios_B` bit(1) DEFAULT NULL,
  `frmUsuarios_C` bit(1) DEFAULT NULL,
  `mnuPlaneacion` bit(1) DEFAULT NULL,
  `frmPlaneacion_C` bit(1) DEFAULT NULL,
  `mnuOrdenes` bit(1) DEFAULT NULL,
  `frmOrdenes_A` bit(1) DEFAULT NULL,
  `frmOrdenes_B` bit(1) DEFAULT NULL,
  `frmOrdenes_C` bit(1) DEFAULT NULL,
  `mnuProduccion` bit(1) DEFAULT NULL,
  `mnuDiseno` bit(1) DEFAULT NULL,
  `mnuCorte` bit(1) DEFAULT NULL,
  `mnuDoblado` bit(1) DEFAULT NULL,
  `mnuArmado` bit(1) DEFAULT NULL,
  `mnuAhulado` bit(1) DEFAULT NULL,
  `mnuRouter` bit(1) DEFAULT NULL,
  `mnuEntregas` bit(1) DEFAULT NULL,
  `mnuMonitor` bit(1) DEFAULT NULL,
  PRIMARY KEY (`Id_tipousuario`),
  KEY `Id_tipousuario` (`Id_tipousuario`)
) ENGINE=InnoDB  DEFAULT CHARSET=latin1 COLLATE=latin1_spanish_ci AUTO_INCREMENT=23 ;

--
-- Volcado de datos para la tabla `permisos_tipousuario`
--

INSERT INTO `permisos_tipousuario` (`Id_tipousuario`, `Nombre_perfil`, `mnuCatalogos`, `mnuCatalogoClientes`, `frmClientes_A`, `frmClientes_B`, `frmClientes_C`, `mnuCatalogoContactos`, `frmContactos_A`, `frmContactos_B`, `frmContactos_C`, `mnuCatalogoDirecciones`, `frmDirecciones_A`, `frmDirecciones_B`, `frmDirecciones_C`, `mnuCatalogoMaquinasCliente`, `frmMaquinasCliente_A`, `frmMaquinasCliente_B`, `frmMaquinasCliente_C`, `mnuCatalogoProcesos`, `frmProcesos_A`, `frmProcesos_B`, `frmProcesos_C`, `mnuCatalogoArticulos`, `frmArticulos_A`, `frmArticulos_B`, `frmArticulos_C`, `mnuCatalogoUsuarios`, `frmUsuarios_A`, `frmUsuarios_B`, `frmUsuarios_C`, `mnuPlaneacion`, `frmPlaneacion_C`, `mnuOrdenes`, `frmOrdenes_A`, `frmOrdenes_B`, `frmOrdenes_C`, `mnuProduccion`, `mnuDiseno`, `mnuCorte`, `mnuDoblado`, `mnuArmado`, `mnuAhulado`, `mnuRouter`, `mnuEntregas`, `mnuMonitor`) VALUES
(10, 'Administrador', b'1', b'1', b'1', b'1', b'1', b'1', b'1', b'1', b'1', b'1', b'1', b'1', b'1', b'1', b'1', b'1', b'1', b'1', b'1', b'1', b'1', b'1', b'1', b'1', b'1', b'1', b'1', b'1', b'1', b'1', b'1', b'1', b'1', b'1', b'1', b'1', b'1', b'1', b'1', b'1', b'1', b'1', b'1', b'1'),
(11, 'Planeador', b'1', b'1', b'1', b'1', b'1', b'1', b'1', b'1', b'1', b'1', b'1', b'1', b'1', b'1', b'1', b'1', b'1', b'1', b'1', b'1', b'1', b'1', b'1', b'1', b'1', b'0', b'0', b'0', b'0', b'1', b'1', b'1', b'1', b'1', b'1', b'0', b'0', b'0', b'0', b'0', b'0', b'0', b'0', b'1'),
(12, 'Supervisor', b'0', b'0', b'0', b'0', b'0', b'0', b'0', b'0', b'0', b'0', b'0', b'0', b'0', b'0', b'0', b'0', b'0', b'0', b'0', b'0', b'0', b'0', b'0', b'0', b'0', b'0', b'0', b'0', b'0', b'0', b'0', b'1', b'0', b'0', b'0', b'1', b'1', b'1', b'1', b'1', b'1', b'1', b'1', b'1'),
(13, 'Diseño', b'0', b'0', b'0', b'0', b'0', b'0', b'0', b'0', b'0', b'0', b'0', b'0', b'0', b'0', b'0', b'0', b'0', b'0', b'0', b'0', b'0', b'0', b'0', b'0', b'0', b'0', b'0', b'0', b'0', b'0', b'0', b'1', b'0', b'0', b'0', b'1', b'1', b'0', b'0', b'0', b'0', b'0', b'0', b'1'),
(14, 'Corte', b'0', b'0', b'0', b'0', b'0', b'0', b'0', b'0', b'0', b'0', b'0', b'0', b'0', b'0', b'0', b'0', b'0', b'0', b'0', b'0', b'0', b'0', b'0', b'0', b'0', b'0', b'0', b'0', b'0', b'0', b'0', b'1', b'0', b'0', b'0', b'1', b'0', b'1', b'0', b'0', b'0', b'0', b'0', b'1'),
(15, 'Doblado', b'0', b'0', b'0', b'0', b'0', b'0', b'0', b'0', b'0', b'0', b'0', b'0', b'0', b'0', b'0', b'0', b'0', b'0', b'0', b'0', b'0', b'0', b'0', b'0', b'0', b'0', b'0', b'0', b'0', b'0', b'0', b'1', b'0', b'0', b'0', b'1', b'0', b'0', b'1', b'0', b'0', b'0', b'0', b'1'),
(16, 'Router', b'0', b'0', b'0', b'0', b'0', b'0', b'0', b'0', b'0', b'0', b'0', b'0', b'0', b'0', b'0', b'0', b'0', b'0', b'0', b'0', b'0', b'0', b'0', b'0', b'0', b'0', b'0', b'0', b'0', b'0', b'0', b'1', b'0', b'0', b'0', b'1', b'0', b'0', b'0', b'0', b'0', b'1', b'0', b'1'),
(17, 'Armado', b'0', b'0', b'0', b'0', b'0', b'0', b'0', b'0', b'0', b'0', b'0', b'0', b'0', b'0', b'0', b'0', b'0', b'0', b'0', b'0', b'0', b'0', b'0', b'0', b'0', b'0', b'0', b'0', b'0', b'0', b'0', b'1', b'0', b'0', b'0', b'1', b'0', b'0', b'0', b'1', b'0', b'0', b'0', b'1'),
(18, 'Ahulado', b'0', b'0', b'0', b'0', b'0', b'0', b'0', b'0', b'0', b'0', b'0', b'0', b'0', b'0', b'0', b'0', b'0', b'0', b'0', b'0', b'0', b'0', b'0', b'0', b'0', b'0', b'0', b'0', b'0', b'0', b'0', b'1', b'0', b'0', b'0', b'1', b'0', b'0', b'0', b'0', b'1', b'0', b'0', b'1'),
(19, 'Entrega', b'0', b'0', b'0', b'0', b'0', b'0', b'0', b'0', b'0', b'0', b'0', b'0', b'0', b'0', b'0', b'0', b'0', b'0', b'0', b'0', b'0', b'0', b'0', b'0', b'0', b'0', b'0', b'0', b'0', b'0', b'0', b'1', b'0', b'0', b'0', b'1', b'0', b'0', b'0', b'0', b'0', b'0', b'1', b'1'),
(20, 'Recepcion', b'1', b'1', b'1', b'0', b'1', b'1', b'1', b'0', b'1', b'1', b'1', b'0', b'1', b'1', b'1', b'0', b'1', b'0', b'0', b'0', b'0', b'0', b'0', b'0', b'0', b'0', b'0', b'0', b'0', b'0', b'0', b'0', b'0', b'0', b'0', b'0', b'0', b'0', b'0', b'0', b'0', b'0', b'0', b'1'),
(21, 'Easy bender', b'0', b'0', b'0', b'0', b'0', b'0', b'0', b'0', b'0', b'0', b'0', b'0', b'0', b'0', b'0', b'0', b'0', b'0', b'0', b'0', b'0', b'0', b'0', b'0', b'0', b'0', b'0', b'0', b'0', b'0', b'0', b'1', b'0', b'0', b'0', b'1', b'0', b'0', b'0', b'0', b'0', b'1', b'0', b'1'),
(22, 'Laser', b'0', b'0', b'0', b'0', b'0', b'0', b'0', b'0', b'0', b'0', b'0', b'0', b'0', b'0', b'0', b'0', b'0', b'0', b'0', b'0', b'0', b'0', b'0', b'0', b'0', b'0', b'0', b'0', b'0', b'0', b'0', b'1', b'0', b'0', b'0', b'1', b'0', b'1', b'0', b'0', b'0', b'0', b'0', b'1');

-- --------------------------------------------------------

--
-- Estructura de tabla para la tabla `tipos_anchos`
--

CREATE TABLE IF NOT EXISTS `tipos_anchos` (
  `Id` int(11) NOT NULL AUTO_INCREMENT,
  `Descripcion` decimal(5,3) DEFAULT NULL,
  PRIMARY KEY (`Id`)
) ENGINE=InnoDB  DEFAULT CHARSET=latin1 AUTO_INCREMENT=22 ;

--
-- Volcado de datos para la tabla `tipos_anchos`
--

INSERT INTO `tipos_anchos` (`Id`, `Descripcion`) VALUES
(10, '1.270'),
(11, '1.320'),
(12, '1.370'),
(13, '1.420'),
(14, '1.470'),
(15, '1.520'),
(16, '1.570'),
(17, '1.620'),
(18, '1.670'),
(19, '1.720'),
(20, '1.770'),
(21, '1.800');

-- --------------------------------------------------------

--
-- Estructura de tabla para la tabla `tipos_calibres`
--

CREATE TABLE IF NOT EXISTS `tipos_calibres` (
  `Id` int(11) NOT NULL AUTO_INCREMENT,
  `Descripcion` decimal(5,3) DEFAULT NULL,
  PRIMARY KEY (`Id`)
) ENGINE=InnoDB  DEFAULT CHARSET=latin1 AUTO_INCREMENT=23 ;

--
-- Volcado de datos para la tabla `tipos_calibres`
--

INSERT INTO `tipos_calibres` (`Id`, `Descripcion`) VALUES
(10, '0.550'),
(11, '0.600'),
(12, '0.650'),
(13, '0.700'),
(14, '0.750'),
(15, '0.800'),
(16, '0.850'),
(17, '0.900'),
(18, '0.950'),
(19, '1.000'),
(20, '1.100'),
(21, '1.200'),
(22, '1.300');

-- --------------------------------------------------------

--
-- Estructura de tabla para la tabla `tipos_clientes`
--

CREATE TABLE IF NOT EXISTS `tipos_clientes` (
  `Id_tipocliente` int(11) NOT NULL AUTO_INCREMENT,
  `Descripcion` varchar(30) COLLATE latin1_spanish_ci NOT NULL,
  `Id_estatus` int(11) NOT NULL,
  PRIMARY KEY (`Id_tipocliente`)
) ENGINE=InnoDB  DEFAULT CHARSET=latin1 COLLATE=latin1_spanish_ci AUTO_INCREMENT=12 ;

--
-- Volcado de datos para la tabla `tipos_clientes`
--

INSERT INTO `tipos_clientes` (`Id_tipocliente`, `Descripcion`, `Id_estatus`) VALUES
(10, 'Contado', 10),
(11, 'Credito', 10);

-- --------------------------------------------------------

--
-- Estructura de tabla para la tabla `tipos_contactos`
--

CREATE TABLE IF NOT EXISTS `tipos_contactos` (
  `Id_tipocontacto` int(11) NOT NULL AUTO_INCREMENT,
  `Descripcion` varchar(30) COLLATE latin1_spanish_ci NOT NULL,
  `Id_estatus` int(11) NOT NULL,
  PRIMARY KEY (`Id_tipocontacto`),
  UNIQUE KEY `Id_tipocontacto` (`Id_tipocontacto`),
  KEY `Id_tipocontacto_2` (`Id_tipocontacto`)
) ENGINE=InnoDB  DEFAULT CHARSET=latin1 COLLATE=latin1_spanish_ci AUTO_INCREMENT=11 ;

--
-- Volcado de datos para la tabla `tipos_contactos`
--

INSERT INTO `tipos_contactos` (`Id_tipocontacto`, `Descripcion`, `Id_estatus`) VALUES
(10, 'Comercial', 0);

-- --------------------------------------------------------

--
-- Estructura de tabla para la tabla `tipos_cortes`
--

CREATE TABLE IF NOT EXISTS `tipos_cortes` (
  `Id` int(11) NOT NULL AUTO_INCREMENT,
  `Descripcion` varchar(30) DEFAULT NULL,
  PRIMARY KEY (`Id`)
) ENGINE=InnoDB  DEFAULT CHARSET=latin1 AUTO_INCREMENT=16 ;

--
-- Volcado de datos para la tabla `tipos_cortes`
--

INSERT INTO `tipos_cortes` (`Id`, `Descripcion`) VALUES
(10, 'Normal'),
(11, 'Doble faceta'),
(12, 'Filo a un lado'),
(13, 'Titanio'),
(14, 'Univ.60'),
(15, 'Univ.75');

-- --------------------------------------------------------

--
-- Estructura de tabla para la tabla `tipos_desarrollos`
--

CREATE TABLE IF NOT EXISTS `tipos_desarrollos` (
  `Id` int(11) NOT NULL AUTO_INCREMENT,
  `Descripcion` varchar(255) DEFAULT NULL,
  PRIMARY KEY (`Id`)
) ENGINE=InnoDB  DEFAULT CHARSET=latin1 AUTO_INCREMENT=17 ;

--
-- Volcado de datos para la tabla `tipos_desarrollos`
--

INSERT INTO `tipos_desarrollos` (`Id`, `Descripcion`) VALUES
(10, 'Plano'),
(11, 'Muestra'),
(12, 'Positivo'),
(13, 'Impresion'),
(14, 'Dummy'),
(15, 'Email'),
(16, 'Telefono');

-- --------------------------------------------------------

--
-- Estructura de tabla para la tabla `tipos_diametros`
--

CREATE TABLE IF NOT EXISTS `tipos_diametros` (
  `Id` int(11) NOT NULL AUTO_INCREMENT,
  `Descripcion` varchar(20) DEFAULT NULL,
  PRIMARY KEY (`Id`)
) ENGINE=InnoDB  DEFAULT CHARSET=latin1 AUTO_INCREMENT=20 ;

--
-- Volcado de datos para la tabla `tipos_diametros`
--

INSERT INTO `tipos_diametros` (`Id`, `Descripcion`) VALUES
(10, '1 mm'),
(11, '2 mm'),
(12, '3 mm'),
(13, '4 mm'),
(14, '5 mm'),
(15, '6 mm'),
(16, '7mm'),
(17, '8 mm'),
(18, '9 mm'),
(19, '10 mm');

-- --------------------------------------------------------

--
-- Estructura de tabla para la tabla `tipos_direcciones`
--

CREATE TABLE IF NOT EXISTS `tipos_direcciones` (
  `Id_tipodireccion` int(11) NOT NULL AUTO_INCREMENT,
  `Descripcion` varchar(20) COLLATE latin1_spanish_ci NOT NULL,
  `Id_estatus` int(11) NOT NULL,
  PRIMARY KEY (`Id_tipodireccion`),
  UNIQUE KEY `Id_tipodireccion` (`Id_tipodireccion`)
) ENGINE=InnoDB  DEFAULT CHARSET=latin1 COLLATE=latin1_spanish_ci AUTO_INCREMENT=14 ;

--
-- Volcado de datos para la tabla `tipos_direcciones`
--

INSERT INTO `tipos_direcciones` (`Id_tipodireccion`, `Descripcion`, `Id_estatus`) VALUES
(10, 'Comercial', 0),
(11, 'Fiscal', 0),
(12, 'Entrega', 0),
(13, '', 0);

-- --------------------------------------------------------

--
-- Estructura de tabla para la tabla `tipos_dobleces`
--

CREATE TABLE IF NOT EXISTS `tipos_dobleces` (
  `Id` int(11) NOT NULL AUTO_INCREMENT,
  `Descripcion` decimal(5,3) DEFAULT NULL,
  PRIMARY KEY (`Id`)
) ENGINE=InnoDB  DEFAULT CHARSET=latin1 AUTO_INCREMENT=24 ;

--
-- Volcado de datos para la tabla `tipos_dobleces`
--

INSERT INTO `tipos_dobleces` (`Id`, `Descripcion`) VALUES
(10, '0.937'),
(11, '0.932'),
(12, '0.929'),
(13, '0.927'),
(14, '0.925'),
(15, '0.923'),
(16, '0.921'),
(17, '0.919'),
(18, '0.918'),
(19, '0.915'),
(20, '0.913'),
(21, '0.906'),
(22, '0.890'),
(23, '0.860');

-- --------------------------------------------------------

--
-- Estructura de tabla para la tabla `tipos_estatus`
--

CREATE TABLE IF NOT EXISTS `tipos_estatus` (
  `Id_estatus` int(11) NOT NULL AUTO_INCREMENT,
  `Descripcion` varchar(20) COLLATE latin1_spanish_ci NOT NULL,
  PRIMARY KEY (`Id_estatus`),
  UNIQUE KEY `Id_Estatus` (`Id_estatus`)
) ENGINE=InnoDB  DEFAULT CHARSET=latin1 COLLATE=latin1_spanish_ci AUTO_INCREMENT=21 ;

--
-- Volcado de datos para la tabla `tipos_estatus`
--

INSERT INTO `tipos_estatus` (`Id_estatus`, `Descripcion`) VALUES
(10, 'Activo'),
(20, 'Inactivo');

-- --------------------------------------------------------

--
-- Estructura de tabla para la tabla `tipos_laminas`
--

CREATE TABLE IF NOT EXISTS `tipos_laminas` (
  `Id` int(11) NOT NULL AUTO_INCREMENT,
  `Descripcion` varchar(30) DEFAULT NULL,
  PRIMARY KEY (`Id`)
) ENGINE=InnoDB  DEFAULT CHARSET=latin1 AUTO_INCREMENT=15 ;

--
-- Volcado de datos para la tabla `tipos_laminas`
--

INSERT INTO `tipos_laminas` (`Id`, `Descripcion`) VALUES
(10, 'Bobst SP 76E'),
(11, 'Bobst SP 102E'),
(12, 'Bobst SP 104E'),
(13, 'Bobst SP 142C'),
(14, 'Bobst SP 160A');

-- --------------------------------------------------------

--
-- Estructura de tabla para la tabla `tipos_maderas`
--

CREATE TABLE IF NOT EXISTS `tipos_maderas` (
  `Id` int(11) NOT NULL AUTO_INCREMENT,
  `Descripcion` varchar(40) DEFAULT NULL,
  PRIMARY KEY (`Id`)
) ENGINE=InnoDB  DEFAULT CHARSET=latin1 AUTO_INCREMENT=16 ;

--
-- Volcado de datos para la tabla `tipos_maderas`
--

INSERT INTO `tipos_maderas` (`Id`, `Descripcion`) VALUES
(10, 'Birch 9 mm'),
(11, 'Birch 12 mm'),
(12, 'Birch 16 mm'),
(13, 'Birch 18 mm'),
(14, 'Pino 16 mm'),
(15, 'Pino 18 mm');

-- --------------------------------------------------------

--
-- Estructura de tabla para la tabla `tipos_materialpertinax`
--

CREATE TABLE IF NOT EXISTS `tipos_materialpertinax` (
  `Id` int(11) NOT NULL AUTO_INCREMENT,
  `Descripcion` varchar(30) DEFAULT NULL,
  PRIMARY KEY (`Id`)
) ENGINE=InnoDB  DEFAULT CHARSET=latin1 AUTO_INCREMENT=11 ;

--
-- Volcado de datos para la tabla `tipos_materialpertinax`
--

INSERT INTO `tipos_materialpertinax` (`Id`, `Descripcion`) VALUES
(1, 'Negro'),
(10, 'Rillma');

-- --------------------------------------------------------

--
-- Estructura de tabla para la tabla `tipos_perforados`
--

CREATE TABLE IF NOT EXISTS `tipos_perforados` (
  `Id` int(11) NOT NULL AUTO_INCREMENT,
  `Descripcion` varchar(20) DEFAULT NULL,
  PRIMARY KEY (`Id`)
) ENGINE=InnoDB  DEFAULT CHARSET=latin1 AUTO_INCREMENT=18 ;

--
-- Volcado de datos para la tabla `tipos_perforados`
--

INSERT INTO `tipos_perforados` (`Id`, `Descripcion`) VALUES
(10, '1/32" x 1/32"'),
(11, '1/16" x 1/32"'),
(12, '1/8" x 1/32"'),
(13, '1/16" x 1/16"'),
(14, '1/8"x 1/8"'),
(15, '1/4" x 1/4"'),
(16, '1" x 1"'),
(17, '2" x 2"');

-- --------------------------------------------------------

--
-- Estructura de tabla para la tabla `tipos_profundidades`
--

CREATE TABLE IF NOT EXISTS `tipos_profundidades` (
  `Id` int(11) NOT NULL AUTO_INCREMENT,
  `Descripcion` decimal(5,3) DEFAULT NULL,
  PRIMARY KEY (`Id`)
) ENGINE=InnoDB  DEFAULT CHARSET=latin1 AUTO_INCREMENT=21 ;

--
-- Volcado de datos para la tabla `tipos_profundidades`
--

INSERT INTO `tipos_profundidades` (`Id`, `Descripcion`) VALUES
(10, '0.250'),
(11, '0.270'),
(12, '0.300'),
(13, '0.330'),
(14, '0.350'),
(15, '0.380'),
(16, '0.400'),
(17, '0.430'),
(18, '0.450'),
(19, '0.480'),
(20, '0.500');

-- --------------------------------------------------------

--
-- Estructura de tabla para la tabla `tipos_puntos`
--

CREATE TABLE IF NOT EXISTS `tipos_puntos` (
  `Id` int(11) NOT NULL AUTO_INCREMENT,
  `Descripcion` varchar(20) DEFAULT NULL,
  PRIMARY KEY (`Id`)
) ENGINE=InnoDB  DEFAULT CHARSET=latin1 AUTO_INCREMENT=13 ;

--
-- Volcado de datos para la tabla `tipos_puntos`
--

INSERT INTO `tipos_puntos` (`Id`, `Descripcion`) VALUES
(1, '3 pts'),
(10, '2 pts'),
(12, '4 pts');

-- --------------------------------------------------------

--
-- Estructura de tabla para la tabla `tipos_tablaslimpiadoras`
--

CREATE TABLE IF NOT EXISTS `tipos_tablaslimpiadoras` (
  `Id` int(11) NOT NULL AUTO_INCREMENT,
  `Descripcion` varchar(30) DEFAULT NULL,
  PRIMARY KEY (`Id`)
) ENGINE=InnoDB  DEFAULT CHARSET=latin1 AUTO_INCREMENT=12 ;

--
-- Volcado de datos para la tabla `tipos_tablaslimpiadoras`
--

INSERT INTO `tipos_tablaslimpiadoras` (`Id`, `Descripcion`) VALUES
(10, 'Dinamico'),
(11, 'Convencional');

-- --------------------------------------------------------

--
-- Estructura de tabla para la tabla `tipos_trabajos`
--

CREATE TABLE IF NOT EXISTS `tipos_trabajos` (
  `Id` int(11) NOT NULL AUTO_INCREMENT,
  `Descripcion` varchar(50) DEFAULT NULL,
  PRIMARY KEY (`Id`)
) ENGINE=InnoDB  DEFAULT CHARSET=latin1 AUTO_INCREMENT=10 ;

--
-- Volcado de datos para la tabla `tipos_trabajos`
--

INSERT INTO `tipos_trabajos` (`Id`, `Descripcion`) VALUES
(1, 'Dummy'),
(2, 'Trazo'),
(3, 'Suaje'),
(4, 'Tabla Limpiadora'),
(5, 'Pertinax'),
(6, 'Lamina Rayada'),
(7, 'Suaje y Tablas'),
(8, 'Suaje y Pertinax'),
(9, 'Kit Completo');

-- --------------------------------------------------------

--
-- Estructura de tabla para la tabla `tipos_usuarios`
--

CREATE TABLE IF NOT EXISTS `tipos_usuarios` (
  `Id_tipousuario` int(11) NOT NULL AUTO_INCREMENT,
  `Descripcion` varchar(15) COLLATE latin1_spanish_ci NOT NULL,
  PRIMARY KEY (`Id_tipousuario`),
  KEY `Id_tipousuario` (`Id_tipousuario`) USING BTREE
) ENGINE=InnoDB  DEFAULT CHARSET=latin1 COLLATE=latin1_spanish_ci AUTO_INCREMENT=23 ;

--
-- Volcado de datos para la tabla `tipos_usuarios`
--

INSERT INTO `tipos_usuarios` (`Id_tipousuario`, `Descripcion`) VALUES
(10, 'Administrador'),
(11, 'Planeador'),
(12, 'Supervisor'),
(13, 'Diseño'),
(14, 'Calidad '),
(15, 'Doblado'),
(16, 'Router'),
(17, 'Armadores dobla'),
(18, 'Ahulado'),
(19, 'Logística '),
(20, 'Recepcion'),
(21, 'Easy bender'),
(22, 'Laser');

-- --------------------------------------------------------

--
-- Estructura de tabla para la tabla `usuarios`
--

CREATE TABLE IF NOT EXISTS `usuarios` (
  `Id_usuario` int(11) NOT NULL AUTO_INCREMENT,
  `Descripcion` varchar(30) COLLATE latin1_spanish_ci NOT NULL,
  `Usuario` varchar(10) COLLATE latin1_spanish_ci NOT NULL,
  `Password` varchar(10) COLLATE latin1_spanish_ci NOT NULL,
  `Id_tipousuario` int(11) NOT NULL,
  `Id_estatus` int(11) NOT NULL,
  PRIMARY KEY (`Id_usuario`)
) ENGINE=InnoDB  DEFAULT CHARSET=latin1 COLLATE=latin1_spanish_ci AUTO_INCREMENT=41 ;

--
-- Volcado de datos para la tabla `usuarios`
--

INSERT INTO `usuarios` (`Id_usuario`, `Descripcion`, `Usuario`, `Password`, `Id_tipousuario`, `Id_estatus`) VALUES
(10, 'ISABEL VIVEROS ROJAS', 'IS1976', '110419761', 13, 10),
(11, 'RAÚL VIELMA NAVARRETE', 'RA1988', '100419882', 13, 10),
(12, 'YAZMÍN MEZA FRANCO', 'YA1989', '101219893', 13, 10),
(13, 'DAVID SALADO PEREZ', 'DA1977', '201419774', 13, 10),
(14, 'NANCY BONES TOLENTINO', 'NA1992', '200719925', 13, 10),
(15, 'NANCY BERENICE RINCON FRANCO', 'BE1992', '800119926', 13, 10),
(16, 'MIGUEL ÁNGEL RAMÍREZ GUTIÉRREZ', 'MI1990', '190619907', 13, 10),
(17, 'OSCAR CRUZ LÓPEZ MEDINA', 'OS1992', '151319928', 16, 10),
(18, 'ERIK ISRAEL MENDOZA RAMÍREZ', 'ER1988', '110119889', 16, 10),
(19, 'MIRSHA VIVEROS RAMÍREZ', 'SH1990', '200919901', 22, 10),
(20, 'SERGIO TELLEZ RICO', 'SE1985', '306019852', 22, 10),
(21, 'ARGENIS GONZÁLEZ MIRANDA', 'AR1982', '241019823', 21, 10),
(22, 'ARSENIO IBAÑEZ SÁNCHEZ', 'IB1982', '110719824', 21, 10),
(23, 'OSVALDO BONES TOLENTINO', 'BO1994', '190119945', 21, 10),
(24, 'JOSÉ RODRÍGUEZ REYES', 'JO1974', '120819746', 21, 10),
(25, 'ABUNDIO ÁVILA MARTÍNEZ', 'AB1972', '110719727', 17, 10),
(26, 'ALFREDO PLATA SIMÓN', 'AL1983', '210219838', 17, 10),
(27, 'MARCO AURELIO LUGO ALCANTAR', 'MA1971', '171419719', 17, 10),
(28, 'DAVID PALACIOS PIÑA', 'PA1984', '290319841', 17, 10),
(29, 'GUADALUPE ENRIQUE TERRAZAS VEL', 'GU1984', '190219842', 17, 10),
(30, 'JOSÉ ERNESTO HERNÁNDEZ COLORAD', 'CO1993', '290119933', 17, 10),
(31, 'ANTONIO REYES PONCE', 'AN1974', '404019744', 17, 10),
(32, 'CAROLINA VARGAS SÁNCHEZ', 'CA1983', '310719835', 18, 10),
(33, 'CRISTOPHER EDGAR ZERON GARCÍA', 'CR1988', '230619886', 18, 10),
(34, 'JOSÉ ESTEBAN GARCÍA HERNÁNDEZ', 'ES1993', '250519937', 18, 10),
(35, 'SALVADOR SORIA PIÑON', 'SA1993', '240419938', 18, 10),
(36, 'CARLOS ESPIRIDION JUÁREZ VIVER', 'JU1996', '110419969', 17, 10),
(37, 'MARICRUZ ROJAS DOMÍNGUEZ', 'DO1988', '300519881', 14, 10),
(38, 'FERNANDO RAMÍREZ SÁNCHEZ', 'FE1983', '300519832', 19, 10),
(39, 'OSCAR MARTÍNEZ GONZÁLEZ', 'GO1994', '110419943', 19, 10),
(40, 'APPONLINE', 'ADMIN', '654321', 10, 10);

-- --------------------------------------------------------

--
-- Estructura Stand-in para la vista `v_clientes`
--
CREATE TABLE IF NOT EXISTS `v_clientes` (
`Id_cliente` int(11)
,`Nombre` varchar(60)
,`RFC` varchar(13)
,`Telefono1` varchar(15)
,`Telefono2` varchar(15)
,`Fax` varchar(15)
,`Correo` varchar(50)
,`Web` varchar(50)
,`ContactoPri` varchar(50)
,`estatus` varchar(20)
,`TipoCliente` varchar(30)
);
-- --------------------------------------------------------

--
-- Estructura Stand-in para la vista `v_diseñadores`
--
CREATE TABLE IF NOT EXISTS `v_diseñadores` (
`Id` int(11)
,`descripcion` varchar(30)
);
-- --------------------------------------------------------

--
-- Estructura para la vista `v_clientes`
--
DROP TABLE IF EXISTS `v_clientes`;

CREATE ALGORITHM=UNDEFINED DEFINER=`root`@`localhost` SQL SECURITY DEFINER VIEW `v_clientes` AS select `clientes`.`Id_cliente` AS `Id_cliente`,`clientes`.`Nombre` AS `Nombre`,`clientes`.`RFC` AS `RFC`,`clientes`.`Telefono1` AS `Telefono1`,`clientes`.`Telefono2` AS `Telefono2`,`clientes`.`Fax` AS `Fax`,`clientes`.`Correo` AS `Correo`,`clientes`.`Web` AS `Web`,`clientes`.`ContactoPri` AS `ContactoPri`,`tipos_estatus`.`Descripcion` AS `estatus`,`tipos_clientes`.`Descripcion` AS `TipoCliente` from ((`clientes` join `tipos_clientes` on((`clientes`.`Id_tipocliente` = `tipos_clientes`.`Id_tipocliente`))) join `tipos_estatus` on((`tipos_clientes`.`Id_estatus` = `tipos_estatus`.`Id_estatus`))) where (`tipos_estatus`.`Descripcion` = 'Activo');

-- --------------------------------------------------------

--
-- Estructura para la vista `v_diseñadores`
--
DROP TABLE IF EXISTS `v_diseñadores`;

CREATE ALGORITHM=UNDEFINED DEFINER=`root`@`localhost` SQL SECURITY DEFINER VIEW `v_diseñadores` AS select `usuarios`.`Id_usuario` AS `Id`,`usuarios`.`Descripcion` AS `descripcion` from (`usuarios` join `tipos_estatus` on((`usuarios`.`Id_estatus` = `tipos_estatus`.`Id_estatus`))) where ((`usuarios`.`Id_tipousuario` = 13) and (`tipos_estatus`.`Descripcion` = 'Activo'));

--
-- Restricciones para tablas volcadas
--

--
-- Filtros para la tabla `tipos_usuarios`
--
ALTER TABLE `tipos_usuarios`
  ADD CONSTRAINT `Perfiles` FOREIGN KEY (`Id_tipousuario`) REFERENCES `permisos_tipousuario` (`Id_tipousuario`) ON UPDATE CASCADE;

/*!40101 SET CHARACTER_SET_CLIENT=@OLD_CHARACTER_SET_CLIENT */;
/*!40101 SET CHARACTER_SET_RESULTS=@OLD_CHARACTER_SET_RESULTS */;
/*!40101 SET COLLATION_CONNECTION=@OLD_COLLATION_CONNECTION */;
